R2,RMSE,MAE,corr2,n,coverage_50,width_50,coverage_80,width_80,coverage_90,width_90,coverage_95,width_95,NLPD,model,test_tag,representation,include_xy,drop_constant_features,kernel_family,ard,matern_nu,optimizer_restarts,optimized_kernel,signal_variance,noise_variance,length_scale_count,length_scale_min,length_scale_median,length_scale_max,length_scales_at_lower_bound,length_scales_at_upper_bound,length_scales_at_upper_fraction,log_marginal_likelihood
0.522412640997576,0.0018100355340609161,0.0014485025032796948,0.7431383273339592,55,0.2545454545454545,0.0015540719847020952,0.6181818181818182,0.002952785248975226,0.7636363636363637,0.003789858837495738,0.8363636363636363,0.0045158953394225845,-4.6707280040920605,dist_auto_full_xy_matern32_previous,a,full,True,True,matern,False,1.5,0,"7.55**2 * Matern(length_scale=116, nu=1.5) + WhiteKernel(noise_level=1e-08)",56.993808632839595,9.999999999999982e-09,1.0,115.64085499282012,115.64085499282012,115.64085499282012,0.0,0.0,0.0,339.20715470256994
-0.6542686376780824,0.01693354528159237,0.012181421848421818,0.41083011740043535,55,0.5818181818181818,0.02236606763176893,0.8181818181818182,0.04249622619207654,0.8727272727272727,0.05454331582364607,0.9090909090909091,0.06499236944862444,-2.649667047706212,dist_auto_full_xy_matern32_previous,b,full,True,True,matern,False,1.5,0,"6.87**2 * Matern(length_scale=120, nu=1.5) + WhiteKernel(noise_level=1e-08)",47.217804468740034,9.999999999999982e-09,1.0,119.87169920850609,119.87169920850609,119.87169920850609,0.0,0.0,0.0,264.9626199162112
0.9783009140200807,0.00036482089312274814,0.0002961633004858794,0.9801097924321529,55,0.43636363636363634,0.0004483226365017427,0.7272727272727273,0.0008518269944218778,0.8727272727272727,0.001093308111027573,0.9272727272727272,0.0013027569666433194,-6.426257907622185,dist_auto_full_xy_matern32_previous,10,full,True,True,matern,False,1.5,0,"7.1**2 * Matern(length_scale=101, nu=1.5) + WhiteKernel(noise_level=1e-08)",50.421533610993855,9.999999999999982e-09,1.0,100.98723721204938,100.98723721204938,100.98723721204938,0.0,0.0,0.0,293.0503722567313
0.993609392694161,0.00017750923168759805,0.0001425805532496009,0.9951485905109473,55,0.5818181818181818,0.00039543740357715515,0.9090909090909091,0.0007513434021523245,0.9636363636363636,0.0009643388165899739,1.0,0.0011490805737610402,-7.08992896398839,dist_auto_full_xy_matern32_previous,15,full,True,True,matern,False,1.5,0,"7.5**2 * Matern(length_scale=102, nu=1.5) + WhiteKernel(noise_level=1e-08)",56.303869440007205,9.999999999999982e-09,1.0,102.1631302333709,102.1631302333709,102.1631302333709,0.0,0.0,0.0,276.2698780034593
0.995534152290481,0.00013810101706162017,0.0001146625966291014,0.9965370703537406,55,0.7090909090909091,0.0003647457990832872,1.0,0.0006930283962137497,1.0,0.0008894923167669257,1.0,0.001059895468400668,-7.195417442652778,dist_auto_full_xy_matern32_previous,20,full,True,True,matern,False,1.5,0,"6.77**2 * Matern(length_scale=95.1, nu=1.5) + WhiteKernel(noise_level=1e-08)",45.7818638075598,9.999999999999982e-09,1.0,95.12094014381276,95.12094014381276,95.12094014381276,0.0,0.0,0.0,276.27705256922434
0.9841670083622781,0.0002534919777747441,0.00021687255635241694,0.9909115868709159,55,0.7454545454545455,0.0006432058891198728,1.0,0.0012221112536246052,1.0,0.0015685628125376293,1.0,0.001869057872195279,-6.606661685649929,dist_auto_full_xy_matern32_previous,25,full,True,True,matern,False,1.5,0,"6.94**2 * Matern(length_scale=99, nu=1.5) + WhiteKernel(noise_level=1e-08)",48.13223893962099,9.999999999999982e-09,1.0,99.03438011666731,99.03438011666731,99.03438011666731,0.0,0.0,0.0,300.2181242427464
-0.040446174149881164,0.006955442932497843,0.0024000338930697516,0.04983010036071131,330,0.5515151515151515,0.004295308557458847,0.8454545454545455,0.008161220247910722,0.9121212121212121,0.010474812786343986,0.9454545454545454,0.012481509278174553,-5.773110175285259,dist_auto_full_xy_matern32_previous,ALL_OOF,full,True,True,matern,False,1.5,0,per-fold,,,,,,,,,,
0.12939172157249812,0.0024438361544513116,0.00210671710993434,0.7689452911152811,55,0.45454545454545453,0.0031817958059330476,0.8,0.006045511284865821,0.8909090909090909,0.007759329730491071,0.9454545454545454,0.009245811643507454,-4.599577944913856,dist_auto_full_xmat_matern12,a,full,False,False,matern,False,0.5,0,"4**2 * Matern(length_scale=1e+03, nu=0.5) + WhiteKernel(noise_level=1e-06)",15.987346530870846,1.0000000000000004e-06,1.0,999.9999999999998,999.9999999999998,999.9999999999998,0.0,1.0,1.0,9.141605947696092
-0.609314810876292,0.016701880783112293,0.012059936410002817,0.17518611347145033,55,0.2,0.0055898528933565105,0.34545454545454546,0.01062089486839865,0.4727272727272727,0.013631770984050821,0.5454545454545454,0.016243256990444658,4.504482080361193,dist_auto_full_xmat_matern12,b,full,False,False,matern,False,0.5,0,"2.39**2 * Matern(length_scale=587, nu=0.5) + WhiteKernel(noise_level=1e-06)",5.6946103819089124,1.0000000000000004e-06,1.0,587.3322763092798,587.3322763092798,587.3322763092798,0.0,0.0,0.0,31.96417101118854
0.941177997953352,0.0006006602366282752,0.00046453606874302867,0.9617887198747125,55,0.9090909090909091,0.002080585321959181,1.0,0.003953177013929063,1.0,0.005073847767162756,1.0,0.006045862515504771,-5.484667103638232,dist_auto_full_xmat_matern12,10,full,False,False,matern,False,0.5,0,"4.2**2 * Matern(length_scale=1e+03, nu=0.5) + WhiteKernel(noise_level=1e-06)",17.656632219906854,1.0000000000000004e-06,1.0,999.9999999999998,999.9999999999998,999.9999999999998,0.0,1.0,1.0,-7.018988120430663
0.9900915394130628,0.0002210308895726848,0.00016718316405578616,0.991592154969395,55,1.0,0.0018775134496885292,1.0,0.0035673341219490586,1.0,0.004578623776673496,1.0,0.0054557667344971444,-5.6496431619609275,dist_auto_full_xmat_matern12,15,full,False,False,matern,False,0.5,0,"4.23**2 * Matern(length_scale=1e+03, nu=0.5) + WhiteKernel(noise_level=1e-06)",17.86351150314085,1.0000000000000004e-06,1.0,999.9999999999998,999.9999999999998,999.9999999999998,0.0,1.0,1.0,-11.257443357981657
0.9861175260951486,0.00024348844457191935,0.00017758281520365143,0.9886819374799877,55,1.0,0.001883832094422404,1.0,0.0035793397440485246,1.0,0.004594032825817549,1.0,0.005474127749035761,-5.644553365929207,dist_auto_full_xmat_matern12,20,full,False,False,matern,False,0.5,0,"4.18**2 * Matern(length_scale=1e+03, nu=0.5) + WhiteKernel(noise_level=1e-06)",17.433190051114156,1.0000000000000004e-06,1.0,999.9999999999998,999.9999999999998,999.9999999999998,0.0,1.0,1.0,-8.102770481337103
0.8554378134156408,0.0007659670414366088,0.0006462678543844251,0.9771742489157104,55,0.8181818181818182,0.0022829944438702726,1.0,0.004337760659551932,1.0,0.005567455532450124,1.0,0.006634032445400351,-5.358873612019011,dist_auto_full_xmat_matern12,25,full,False,False,matern,False,0.5,0,"4.11**2 * Matern(length_scale=1e+03, nu=0.5) + WhiteKernel(noise_level=1e-06)",16.89684573079333,1.0000000000000004e-06,1.0,999.9999999999998,999.9999999999998,999.9999999999998,0.0,1.0,1.0,0.8106906316257039
-0.02507503092157748,0.00690387326491825,0.002603703903720676,0.06762191184636714,330,0.7303030303030303,0.002816095668204991,0.8575757575757575,0.005350669615457175,0.8939393939393939,0.006867510102774304,0.9151515151515152,0.008183143013065023,-3.7054721846833396,dist_auto_full_xmat_matern12,ALL_OOF,full,False,False,matern,False,0.5,0,per-fold,,,,,,,,,,
0.5152382973662719,0.0018235800837077686,0.0014579524183813788,0.7442356227949771,55,0.2727272727272727,0.0015864359943589998,0.6181818181818182,0.003014277876892921,0.7818181818181819,0.003868783770975269,0.8363636363636363,0.004609940198227922,-4.678901921096321,dist_auto_full_xmat_matern32,a,full,False,False,matern,False,1.5,0,"7.56**2 * Matern(length_scale=114, nu=1.5) + WhiteKernel(noise_level=1e-06)",57.220644763376654,1.0000000000000004e-06,1.0,114.0942648611023,114.0942648611023,114.0942648611023,0.0,0.0,0.0,338.20152322853403
-0.6491007540065779,0.016907074658194132,0.012161473408055078,0.41267066157107385,55,0.5818181818181818,0.02208426206403548,0.8181818181818182,0.04196078682268211,0.8727272727272727,0.05385608683306951,0.9090909090909091,0.0641734855986625,-2.650875791338475,dist_auto_full_xmat_matern32,b,full,False,False,matern,False,1.5,0,"6.77**2 * Matern(length_scale=118, nu=1.5) + WhiteKernel(noise_level=1e-06)",45.84984703111544,1.0000000000000004e-06,1.0,118.14445814031927,118.14445814031927,118.14445814031927,0.0,0.0,0.0,264.84322037280106
0.9781861298512,0.00036578453809836087,0.0002966688168232009,0.9799484768764252,55,0.45454545454545453,0.00045827964363805694,0.7272727272727273,0.000870745618581804,0.8909090909090909,0.0011175899022586287,0.9272727272727272,0.0013316905054781363,-6.430682969886996,dist_auto_full_xmat_matern32,10,full,False,False,matern,False,1.5,0,"7.02**2 * Matern(length_scale=98.6, nu=1.5) + WhiteKernel(noise_level=1e-06)",49.291269631237746,1.0000000000000004e-06,1.0,98.55050081548913,98.55050081548913,98.55050081548913,0.0,0.0,0.0,291.9996606686576
0.9935829780516084,0.00017787570763474092,0.0001425957013733159,0.9950920248809172,55,0.6,0.0004023259884767628,0.9090909090909091,0.0007644319283455134,0.9818181818181818,0.000981137758091144,1.0,0.0011690977471928864,-7.080615084207244,dist_auto_full_xmat_matern32,15,full,False,False,matern,False,1.5,0,"7.42**2 * Matern(length_scale=99.7, nu=1.5) + WhiteKernel(noise_level=1e-06)",54.99047583842699,1.0000000000000004e-06,1.0,99.7395811904809,99.7395811904809,99.7395811904809,0.0,0.0,0.0,275.65436097020347
0.9954137873321189,0.00013994971464117832,0.00011587754562882655,0.9963669462867485,55,0.7090909090909091,0.0003699720608039577,1.0,0.0007029584565121071,1.0,0.0009022374111796183,1.0,0.0010750821850903087,-7.181990924776255,dist_auto_full_xmat_matern32,20,full,False,False,matern,False,1.5,0,"6.72**2 * Matern(length_scale=93.3, nu=1.5) + WhiteKernel(noise_level=1e-06)",45.12806716182179,1.0000000000000004e-06,1.0,93.26227789092734,93.26227789092734,93.26227789092734,0.0,0.0,0.0,275.9329314033687
0.9838826801596947,0.0002557579491611847,0.00021922023404496196,0.9907354001635236,55,0.7454545454545455,0.0006522155825276005,1.0,0.0012392299521495173,1.0,0.0015905344242264855,1.0,0.0018952386623196078,-6.593796513482241,dist_auto_full_xmat_matern32,25,full,False,False,matern,False,1.5,0,"6.9**2 * Matern(length_scale=97.3, nu=1.5) + WhiteKernel(noise_level=1e-06)",47.67878571424132,1.0000000000000004e-06,1.0,97.32532470919325,97.32532470919325,97.32532470919325,0.0,0.0,0.0,299.86929264467005
-0.03742069374002277,0.006945322814267546,0.00239896468738446,0.05177058701077279,330,0.5606060606060606,0.004258915222306808,0.8454545454545455,0.008092071775860663,0.9212121212121213,0.01038606168330011,0.9454545454545454,0.012375755816161892,-5.7694772007979225,dist_auto_full_xmat_matern32,ALL_OOF,full,False,False,matern,False,1.5,0,per-fold,,,,,,,,,,
0.41424817765515887,0.0020045528620289957,0.0016189847754310498,0.606794960306271,55,0.3090909090909091,0.001398871681210053,0.4909090909090909,0.0026578998309901456,0.5272727272727272,0.0034113775010059825,0.5818181818181818,0.004064907010621949,-3.0073063471615074,dist_auto_full_xmat_rbf_iso,a,full,False,False,rbf,False,,0,1.27**2 * RBF(length_scale=10.1) + WhiteKernel(noise_level=4.62e-05),1.6238721634533377,4.6245979637656364e-05,1.0,10.125406032941358,10.125406032941358,10.125406032941358,0.0,0.0,0.0,410.66195881122917
-0.512663188823042,0.016192577877493057,0.011634833057851233,1.243543558110292e-29,55,0.12727272727272726,0.0032233779426971724,0.2,0.00612451864183939,0.2545454545454545,0.007860734575343021,0.34545454545454546,0.00936664296886742,17.843234872825402,dist_auto_full_xmat_rbf_iso,b,full,False,False,rbf,False,,0,0.95**2 * RBF(length_scale=10.1) + WhiteKernel(noise_level=0.000139),0.9034006381480449,0.00013877977710602307,1.0,10.050406542152064,10.050406542152064,10.050406542152064,0.0,0.0,0.0,300.99736020506487
0.9822714861853631,0.0003297578530910001,0.00026838821520494804,0.9838106833817908,55,0.2909090909090909,0.00026337071887033746,0.43636363636363634,0.0005004125814940348,0.5454545454545454,0.0006422725950108999,0.6,0.0007653150005885496,-5.153477345683089,dist_auto_full_xmat_rbf_iso,10,full,False,False,rbf,False,,0,1.23**2 * RBF(length_scale=9.32) + WhiteKernel(noise_level=9.59e-05),1.5224623579563092,9.592496768669899e-05,1.0,9.317661382419805,9.317661382419805,9.317661382419805,0.0,0.0,0.0,324.7286091510882
0.9942341245871973,0.00016860968051969012,0.0001403990945177998,0.9952839717008243,55,0.38181818181818183,0.0002873768710862411,0.5636363636363636,0.0005460250195571033,0.7090909090909091,0.0007008155254705532,0.8181818181818182,0.000835073204826463,-6.828209073914017,dist_auto_full_xmat_rbf_iso,15,full,False,False,rbf,False,,0,1.25**2 * RBF(length_scale=8.98) + WhiteKernel(noise_level=0.000106),1.5529904934889731,0.00010620237639972648,1.0,8.979048263813356,8.979048263813356,8.979048263813356,0.0,0.0,0.0,300.0327496480527
0.9925038321809964,0.00017892234141849984,0.00014718210021101246,0.9934139817321547,55,0.43636363636363634,0.00027200885816355076,0.6727272727272727,0.0005168253156110344,0.7636363636363637,0.0006633381111917214,0.8363636363636363,0.0007904161113218357,-6.880099951756519,dist_auto_full_xmat_rbf_iso,20,full,False,False,rbf,False,,0,1.25**2 * RBF(length_scale=8.95) + WhiteKernel(noise_level=0.000111),1.56403009336433,0.00011077260621375941,1.0,8.9517889403421,8.9517889403421,8.9517889403421,0.0,0.0,0.0,296.2665917464234
0.9566884598638403,0.0004192610737793584,0.00033419944964345043,0.9665741103546681,55,0.4909090909090909,0.0005630953665611458,0.6545454545454545,0.0010698987617788998,0.7272727272727273,0.0013732001942778364,0.7818181818181819,0.0016362689544212985,-5.705127617084948,dist_auto_full_xmat_rbf_iso,25,full,False,False,rbf,False,,0,1.23**2 * RBF(length_scale=8.75) + WhiteKernel(noise_level=7.75e-05),1.5028780145922422,7.747006440978536e-05,1.0,8.745997123395906,8.745997123395906,8.745997123395906,0.0,0.0,0.0,325.09046601458624
0.04452730295679841,0.00666536786948817,0.0023573311154765826,0.09562559563629354,330,0.3393939393939394,0.0010013502397647502,0.503030303030303,0.0019025966918784349,0.5878787878787879,0.002441956417050002,0.6606060606060606,0.002909770541774586,-1.6218309104624458,dist_auto_full_xmat_rbf_iso,ALL_OOF,full,False,False,rbf,False,,0,per-fold,,,,,,,,,,
0.30254360449442996,0.0021873547309646086,0.001771175069768225,0.5481130022175843,55,0.2727272727272727,0.0012022599808186325,0.38181818181818183,0.0022843314671006114,0.4727272727272727,0.002931907696763726,0.5272727272727272,0.0034935835003768517,-2.856684562486625,dist_auto_full_xmat_rbf_ard_original,a,full,False,False,rbf,True,,0,"1.54**2 * RBF(length_scale=[674, 1, 1e+03, 45, 1, 1e+03, 1, 1e+03, 1, 1, 1e+03, 1, 1e+03, 1, 1e+03, 1, 1, 1e+03, 1e+03, 1e+03, 1, 1, 1, 1e+03, 1, 12, 1, 1, 1e+03, 1e+03, 1, 1, 1e+03, 1, 1, 1, 54, 1, 1, 1, 1, 1, 1, 1, 1, 1, 1, 1, 1, 1, 1, 1, 1, 1, 1, 1, 1, 1, 1, 1, 1, 1, 1, 1, 1, 1, 1, 1, 1, 165, 963, 122, 1e+03, 397, 50, 5.44, 568, 871, 278, 53.8, 28.9, 353, 558, 638, 1e+03, 2.52, 490, 10.5, 1e+03, 1e+03, 168, 1e+03, 848, 96.9, 1, 1e+03, 1e+03, 1e+03, 84.8, 1, 0.852, 1e+03, 1e+03, 1, 34.7, 31, 622, 778, 999, 333, 1e+03, 49.5, 1e+03, 1, 1e+03, 77.5, 1e+03, 1, 215, 187, 1, 28.1, 31.5, 47.7, 1e+03, 45.1, 61.4, 1e+03, 1, 322, 430, 1, 1, 221, 1, 1, 226, 0.455, 1e+03, 1, 406, 1e+03, 1e+03, 1e+03, 1e+03, 298, 1e+03, 982, 75.1, 230, 1.86, 441, 942, 271, 586, 306, 1e+03, 1e+03, 151, 30.3, 428, 293, 992, 1e+03, 1e+03, 1e+03, 6.91, 744, 3.49, 6.48, 741, 206, 1e+03, 1e+03, 1, 1, 1, 1, 1, 1, 1, 0.173, 1, 1, 1, 1, 1, 1, 1, 1, 1, 1, 516, 1e+03, 70.1, 97.5, 175, 274, 1, 35, 21, 93.7, 145, 376, 228, 170, 530, 470, 1e+03, 1e+03, 1e+03, 1e+03, 350, 381, 213, 1e+03, 589, 325, 1e+03, 245, 1e+03, 87.3, 370, 346, 1e+03, 416, 365, 570, 897, 1e+03, 228, 1e+03, 0.528, 169, 357, 695, 434, 323, 480, 1e+03, 177, 357, 504, 138, 1e+03, 1e+03, 910, 952, 500, 351, 1.83, 1e+03, 309, 877, 965, 1e+03, 724, 230, 377, 383, 1e+03, 696, 1e+03, 326, 508, 866, 1e+03, 1e+03, 474, 273, 319, 958, 1e+03, 1e+03, 1e+03, 1e+03, 833, 1e+03, 471, 1e+03, 714, 508, 766, 237, 1e+03, 1e+03, 919, 527, 907, 792, 837, 1e+03, 804, 260, 198, 1e+03, 519, 867, 1e+03, 385, 511, 276, 763, 1e+03, 1e+03, 481, 310, 1e+03, 774]) + WhiteKernel(noise_level=4.7e-06)",2.374433088026824,4.704351045416849e-06,309.0,0.17326668571599324,322.20388532957526,999.9999999999998,0.0,73.0,0.23624595469255663,751.3723373178573
-0.5126631938792952,0.016192577904555847,0.01163483307041465,0.29260041373190804,55,0.16363636363636364,0.0041560895851354565,0.2545454545454545,0.007896699857671007,0.34545454545454546,0.010135304541037046,0.41818181818181815,0.012076960251833978,8.94797458292824,dist_auto_full_xmat_rbf_ard_original,b,full,False,False,rbf,True,,0,"1.23**2 * RBF(length_scale=[999, 1, 1e+03, 315, 1, 1e+03, 1, 1e+03, 1, 1, 735, 1, 1e+03, 1, 618, 1, 1, 1e+03, 1e+03, 1e+03, 1, 1, 1, 1e+03, 1, 376, 1, 1, 1e+03, 1e+03, 1, 1, 1e+03, 1, 1, 1, 968, 1, 1, 1, 1, 1, 1, 1, 1, 1, 1, 1, 1, 1, 1, 1, 1, 1, 1, 1, 1, 1, 1, 1, 1, 1, 1, 1, 1, 1, 1, 1, 1, 480, 949, 320, 922, 888, 981, 1.93, 155, 764, 882, 319, 558, 301, 419, 772, 1e+03, 785, 524, 800, 917, 256, 994, 1e+03, 0.751, 1e+03, 1, 1e+03, 1e+03, 648, 1e+03, 1, 714, 1e+03, 1e+03, 1, 1, 1, 1, 818, 1, 1e+03, 1, 1e+03, 1e+03, 1, 1, 1, 1e+03, 1, 162, 10.4, 1, 1, 1, 1e+03, 1e+03, 1, 1, 1e+03, 1, 1e+03, 906, 1, 1, 274, 1, 1, 60.9, 1e+03, 1e+03, 1, 178, 1e+03, 1e+03, 587, 1e+03, 1e+03, 1e+03, 1e+03, 1, 1e+03, 1e+03, 989, 2.34, 1e+03, 511, 1e+03, 1e+03, 1e+03, 1e+03, 1, 1e+03, 1e+03, 852, 1e+03, 1e+03, 917, 2.6, 1e+03, 771, 1e+03, 1e+03, 1, 1, 1, 1, 1, 1, 1, 1, 1, 1, 1, 1, 1, 1, 1, 1, 1, 1, 1, 1, 1, 1, 1, 1, 1, 1, 1, 1, 1, 1, 1, 1, 1, 1, 1, 981, 1e+03, 446, 302, 674, 671, 97.4, 886, 58.1, 246, 881, 721, 358, 775, 94.1, 106, 1e+03, 422, 966, 875, 1.54, 324, 710, 1e+03, 612, 211, 1.01, 98.2, 419, 961, 1e+03, 180, 944, 561, 195, 245, 994, 63.2, 1e+03, 1e+03, 679, 153, 198, 999, 261, 663, 141, 1e+03, 1e+03, 49.4, 1e+03, 2.25, 320, 1e+03, 75, 310, 465, 153, 1e+03, 118, 1e+03, 1e+03, 1e+03, 503, 212, 234, 1e+03, 160, 810, 1e+03, 1e+03, 887, 715, 221, 956, 503, 210, 216, 1e+03, 907, 878, 656, 1e+03, 577, 1e+03, 306, 976, 1e+03, 243, 1e+03, 1e+03, 264, 1e+03, 1e+03, 256, 178, 290, 365, 1e+03, 247, 316, 225, 1e+03]) + WhiteKernel(noise_level=1.28e-05)",1.5020719606345903,1.2817036348580038e-05,309.0,0.7514261562728332,260.55313251552474,999.9999999999998,0.0,75.0,0.24271844660194175,563.7606743108122
0.9932593620883828,0.00020333375514051223,0.00015692660731310854,0.9941861219915921,55,0.32727272727272727,0.00015065107539797786,0.5454545454545454,0.00028624174269680067,0.6,0.00036738729936291174,0.7454545454545455,0.00043776896821104573,-6.65909955034243,dist_auto_full_xmat_rbf_ard_original,10,full,False,False,rbf,True,,0,"1.46**2 * RBF(length_scale=[549, 1, 1e+03, 1e+03, 1, 1e+03, 1, 1e+03, 1, 1, 1e+03, 1, 1e+03, 1, 1e+03, 1, 1, 1e+03, 1e+03, 1e+03, 1, 1, 1, 1e+03, 1, 317, 1, 1, 1e+03, 1e+03, 1, 1, 1e+03, 1, 1, 1, 268, 1, 1, 1, 1, 1, 1, 1, 1, 1, 1, 1, 1, 1, 1, 1, 1, 1, 1, 1, 1, 1, 1, 1, 1, 1, 1, 1, 1, 1, 1, 1, 1, 77.9, 691, 1e+03, 1e+03, 3.72, 2.21, 2.34, 945, 972, 108, 198, 528, 471, 187, 405, 732, 131, 217, 768, 968, 553, 80.3, 1e+03, 1e+03, 299, 1, 315, 1e+03, 928, 1e+03, 1, 0.805, 1e+03, 1e+03, 1, 23.6, 29.6, 1e+03, 432, 1e+03, 214, 1e+03, 687, 1e+03, 1, 1e+03, 75.2, 1e+03, 1, 357, 194, 1, 19.8, 19.4, 880, 1e+03, 31, 65.3, 1e+03, 1, 271, 216, 1, 1, 276, 1, 1, 355, 0.346, 1e+03, 1, 548, 1e+03, 1e+03, 1e+03, 965, 307, 306, 816, 1e+03, 1e+03, 1.62, 1.1, 848, 1e+03, 166, 355, 1e+03, 733, 464, 142, 1e+03, 225, 701, 1e+03, 1e+03, 1e+03, 97.5, 2.37, 601, 626, 932, 219, 1e+03, 1e+03, 1, 1, 1, 1, 1, 1, 1, 0.388, 1, 1, 1, 1, 1, 1, 1, 1, 1, 1, 0.192, 1e+03, 387, 209, 186, 257, 1, 246, 8.45, 232, 184, 301, 232, 180, 1e+03, 306, 1e+03, 1e+03, 40.5, 1e+03, 89.5, 697, 343, 382, 1e+03, 467, 1e+03, 1e+03, 954, 764, 195, 1e+03, 1e+03, 649, 102, 344, 223, 1e+03, 1e+03, 529, 171, 161, 1e+03, 1e+03, 641, 379, 868, 1e+03, 1e+03, 1e+03, 1e+03, 64.5, 910, 485, 1e+03, 423, 1e+03, 1.99, 177, 1e+03, 436, 1e+03, 452, 225, 738, 126, 246, 587, 1.07, 1e+03, 1e+03, 1e+03, 1.28, 306, 847, 1e+03, 769, 672, 446, 425, 359, 498, 1e+03, 1e+03, 683, 939, 458, 211, 556, 600, 731, 220, 830, 878, 635, 513, 1e+03, 511, 915, 1e+03, 1e+03, 222, 238, 704, 1e+03, 515, 401, 1e+03, 399, 676, 569, 602, 1e+03, 457, 738, 676, 1e+03]) + WhiteKernel(noise_level=8.69e-06)",2.1302959459666426,8.694641232971867e-06,309.0,0.1923477825345935,344.2138550416778,999.9999999999998,0.0,79.0,0.255663430420712,665.0873981730228
0.9990870692360492,6.70917004930215e-05,5.285903332767905e-05,0.9992287558834578,55,0.6,9.854348085021802e-05,0.8363636363636363,0.00018723568760103146,0.9272727272727272,0.0002403144033571789,0.9636363636363636,0.00028635227343557304,-8.203908881331678,dist_auto_full_xmat_rbf_ard_original,15,full,False,False,rbf,True,,0,"1.57**2 * RBF(length_scale=[216, 1, 1e+03, 44.8, 1, 1e+03, 1, 1e+03, 1, 1, 1e+03, 1, 1e+03, 1, 1e+03, 1, 1, 1e+03, 1e+03, 1e+03, 1, 1, 1, 1e+03, 1, 1e+03, 1, 1, 231, 1e+03, 1, 1, 1e+03, 1, 1, 1, 171, 1, 1, 1, 1, 1, 1, 1, 1, 1, 1, 1, 1, 1, 1, 1, 1, 1, 1, 1, 1, 1, 1, 1, 1, 1, 1, 1, 1, 1, 1, 1, 1, 73.8, 150, 124, 1e+03, 811, 2.59, 2.42, 85.5, 0.765, 87.6, 64.9, 143, 1e+03, 125, 101, 134, 132, 201, 848, 1e+03, 1e+03, 83.1, 1e+03, 281, 67.6, 1, 94, 1e+03, 1e+03, 74.9, 1, 1.88, 1e+03, 483, 1, 30.6, 30.5, 877, 477, 817, 299, 1e+03, 31.2, 1e+03, 1, 1e+03, 78.5, 1e+03, 1, 326, 282, 1, 26.7, 25.8, 32.8, 1e+03, 39.3, 60.7, 1e+03, 1, 352, 252, 1, 1, 321, 1, 1, 360, 0.401, 1e+03, 1, 367, 1e+03, 1e+03, 1e+03, 936, 265, 730, 1e+03, 65.4, 891, 1.86, 1.01, 531, 279, 239, 307, 1e+03, 901, 128, 34.4, 279, 211, 852, 1e+03, 1e+03, 1e+03, 1.69, 878, 158, 706, 940, 195, 1e+03, 545, 1, 1, 1, 1, 1, 1, 1, 0.205, 1, 1, 1, 1, 1, 1, 1, 1, 1, 1, 0.28, 1e+03, 65.9, 280, 158, 224, 1, 33, 14.5, 85.1, 139, 346, 203, 153, 1e+03, 297, 932, 596, 1.52, 580, 1e+03, 224, 107, 255, 651, 156, 714, 172, 380, 157, 195, 726, 856, 261, 103, 388, 249, 943, 148, 438, 97.8, 80.4, 602, 418, 152, 232, 210, 185, 154, 219, 1e+03, 231, 795, 392, 583, 82.2, 435, 66.6, 205, 1e+03, 476, 529, 146, 177, 1e+03, 172, 307, 282, 1.33, 466, 999, 471, 0.935, 173, 768, 333, 650, 238, 454, 189, 296, 565, 1e+03, 837, 643, 1e+03, 397, 240, 536, 679, 743, 238, 817, 740, 683, 535, 1e+03, 415, 1e+03, 972, 903, 238, 171, 814, 339, 611, 635, 277, 483, 222, 764, 775, 342, 642, 224, 465, 293]) + WhiteKernel(noise_level=1.08e-05)",2.462948484080259,1.0807615083092235e-05,309.0,0.20486288164955058,202.83712995774397,999.9999999999998,0.0,47.0,0.15210355987055016,629.990740278018
0.998595429789237,7.744914881807783e-05,5.6163157049793354e-05,0.9986697393806289,55,0.7090909090909091,0.00013128317162347552,0.8909090909090909,0.0002494421213588709,0.9636363636363636,0.0003201554967140563,0.9818181818181818,0.00038148880406766713,-8.047331229011496,dist_auto_full_xmat_rbf_ard_original,20,full,False,False,rbf,True,,0,"1.5**2 * RBF(length_scale=[181, 1, 1e+03, 516, 1, 1e+03, 1, 1e+03, 1, 1, 1e+03, 1, 1e+03, 1, 1e+03, 1, 1, 1e+03, 1e+03, 1e+03, 1, 1, 1, 1e+03, 1, 190, 1, 1, 479, 1e+03, 1, 1, 1e+03, 1, 1, 1, 199, 1, 1, 1, 1, 1, 1, 1, 1, 1, 1, 1, 1, 1, 1, 1, 1, 1, 1, 1, 1, 1, 1, 1, 1, 1, 1, 1, 1, 1, 1, 1, 1, 382, 110, 149, 1e+03, 238, 110, 703, 1.22, 13.2, 319, 462, 651, 354, 127, 89.4, 68.1, 678, 979, 999, 970, 1e+03, 79.9, 1e+03, 1e+03, 41.5, 1, 0.489, 1e+03, 1e+03, 113, 1, 60.6, 1e+03, 1e+03, 1, 47.7, 79, 1e+03, 854, 1e+03, 238, 1e+03, 1e+03, 1e+03, 1, 1e+03, 1e+03, 1e+03, 1, 88.9, 111, 1, 50.9, 43.4, 1e+03, 1e+03, 289, 65.4, 1e+03, 1, 185, 511, 1, 1, 42.6, 1, 1, 102, 1e+03, 1e+03, 1, 758, 1e+03, 1e+03, 1e+03, 1e+03, 1e+03, 784, 361, 1e+03, 1e+03, 554, 108, 835, 1e+03, 607, 599, 1e+03, 456, 243, 1e+03, 1e+03, 460, 466, 1e+03, 1e+03, 1e+03, 262, 600, 1.58, 619, 114, 191, 1e+03, 1e+03, 1, 1, 1, 1, 1, 1, 1, 0.182, 1, 1, 1, 1, 1, 1, 1, 1, 1, 1, 738, 1e+03, 74.9, 233, 407, 875, 1, 1e+03, 51.1, 81.9, 676, 367, 312, 228, 1e+03, 230, 1e+03, 557, 144, 593, 526, 255, 1e+03, 257, 1e+03, 144, 1e+03, 1e+03, 1e+03, 251, 290, 272, 1e+03, 273, 0.744, 1e+03, 194, 812, 0.652, 489, 199, 158, 269, 435, 681, 181, 247, 113, 95.3, 361, 1e+03, 1.25, 599, 352, 434, 668, 953, 1e+03, 764, 902, 359, 376, 243, 205, 499, 465, 249, 601, 695, 777, 876, 277, 196, 861, 1e+03, 1e+03, 457, 921, 473, 566, 964, 465, 805, 1e+03, 1e+03, 1e+03, 1e+03, 234, 965, 1e+03, 1e+03, 566, 1e+03, 1e+03, 455, 1e+03, 1e+03, 1e+03, 438, 376, 506, 1.98, 238, 1e+03, 277, 1e+03, 318, 564, 351, 899, 456, 535, 785, 396, 1e+03, 596, 332]) + WhiteKernel(noise_level=8.14e-06)",2.2396504691445824,8.135266926898859e-06,309.0,0.18203239342313987,319.2989445089238,999.9999999999998,0.0,76.0,0.2459546925566343,677.2711659559199
0.993368767892934,0.00016405136311896853,0.00013179858185690521,0.9957626801097402,55,0.7090909090909091,0.00031414659959344896,0.9272727272727272,0.0005968883387812172,0.9636363636363636,0.0007660978889383247,0.9636363636363636,0.0009128619388061706,-7.1827683292067555,dist_auto_full_xmat_rbf_ard_original,25,full,False,False,rbf,True,,0,"1.46**2 * RBF(length_scale=[1.04, 1, 1e+03, 582, 1, 1e+03, 1, 1e+03, 1, 1, 1e+03, 1, 1e+03, 1, 1e+03, 1, 1, 1e+03, 1e+03, 1e+03, 1, 1, 1, 1e+03, 1, 479, 1, 1, 1e+03, 1e+03, 1, 1, 1e+03, 1, 1, 1, 439, 1, 1, 1, 1, 1, 1, 1, 1, 1, 1, 1, 1, 1, 1, 1, 1, 1, 1, 1, 1, 1, 1, 1, 1, 1, 1, 1, 1, 1, 1, 1, 1, 653, 591, 92.1, 772, 2.73, 421, 2.72, 987, 763, 655, 615, 499, 1e+03, 615, 515, 1e+03, 302, 397, 502, 1.95, 1e+03, 387, 1e+03, 1e+03, 160, 1, 167, 1e+03, 1e+03, 328, 1, 266, 1e+03, 1e+03, 1, 28.4, 24.1, 912, 558, 1e+03, 307, 1e+03, 1e+03, 1e+03, 1, 1e+03, 105, 1e+03, 1, 316, 1.4, 1, 22, 24.4, 1e+03, 1e+03, 41.7, 54.9, 1e+03, 1, 135, 280, 1, 1, 1e+03, 1, 1, 124, 1e+03, 1e+03, 1, 1e+03, 1e+03, 1e+03, 1e+03, 530, 847, 1e+03, 998, 278, 1e+03, 1.85, 205, 10.1, 1e+03, 458, 1e+03, 1e+03, 1e+03, 644, 28.5, 1e+03, 245, 1e+03, 1e+03, 1e+03, 1e+03, 85.5, 843, 296, 5.45, 745, 405, 1e+03, 1e+03, 1, 1, 1, 1, 1, 1, 1, 0.196, 1, 1, 1, 1, 1, 1, 1, 1, 1, 1, 39, 1e+03, 95.5, 7.92, 151, 1e+03, 1, 156, 77.1, 102, 127, 114, 1e+03, 99.1, 1e+03, 241, 1e+03, 408, 122, 704, 261, 1e+03, 77.5, 702, 254, 91.5, 1e+03, 102, 264, 339, 53.3, 1e+03, 901, 930, 101, 1e+03, 162, 1e+03, 129, 308, 0.702, 115, 1e+03, 306, 135, 191, 1e+03, 771, 347, 1e+03, 702, 1.13, 1e+03, 386, 345, 126, 267, 173, 552, 947, 337, 1e+03, 156, 141, 883, 236, 520, 110, 229, 351, 1e+03, 367, 107, 125, 643, 515, 644, 183, 382, 238, 314, 460, 1e+03, 671, 1e+03, 875, 849, 116, 849, 996, 10.8, 41.6, 1e+03, 1e+03, 979, 1e+03, 544, 269, 858, 821, 439, 777, 112, 562, 275, 327, 273, 393, 1e+03, 182, 383, 404, 286, 1e+03, 155, 341, 1e+03]) + WhiteKernel(noise_level=5.54e-06)",2.1270970774436484,5.541141395141327e-06,309.0,0.19574821044125318,273.3769243021728,999.9999999999998,0.0,75.0,0.24271844660194175,713.4368128023065
0.042734792192642646,0.006671617208329025,0.00230062591995506,0.09156217369380523,330,0.4636363636363636,0.0010088289822365345,0.6393939393939394,0.001916806535868257,0.7121212121212122,0.0024601945543622074,0.7666666666666667,0.002931502622788547,-4.0003029949084565,dist_auto_full_xmat_rbf_ard_original,ALL_OOF,full,False,False,rbf,True,,0,per-fold,,,,,,,,,,
