evaluation_split,file_key,fold,y,pred_base_angle,pred_final,resid_base_angle,resid_final,abs_resid_base_angle,abs_resid_final,improve_abs_resid,rank_abs_resid_final,is_top20_final,trajectory_group_candidate
trajectory_group5,0-0-2-10-0,2,40.74,37.0877668333336,36.3976941315017,3.65223316666643,4.34230586849831,3.65223316666643,4.34230586849831,-0.690072701831873,50,False,0-0-2-10
trajectory_group5,0-0-2-13-1,5,41.08,23.5017631666668,25.3937860311777,17.5782368333332,15.6862139688223,17.5782368333332,15.6862139688223,1.89202286451093,21,False,0-0-2-13
trajectory_group5,0-0-2-13-2,5,43.73,21.7079368333334,23.2568018302632,22.0220631666666,20.4731981697368,22.0220631666666,20.4731981697368,1.54886499692985,13,True,0-0-2-13
trajectory_group5,0-0-2-13-3,5,42.65,20.2209843333333,21.2694186052591,22.4290156666667,21.3805813947409,22.4290156666667,21.3805813947409,1.0484342719258,8,True,0-0-2-13
trajectory_group5,0-0-2-13-4,5,39.08,20.4124268333333,20.416673579757,18.6675731666667,18.663326420243,18.6675731666667,18.663326420243,0.0042467464236999,17,True,0-0-2-13
trajectory_group5,0-0-2-13-5,5,33.16,25.781039,25.706843484861,7.378961,7.45315651513897,7.378961,7.45315651513897,-0.0741955151389639,38,False,0-0-2-13
trajectory_group5,0-0-2-13-6,5,25.09,26.8488061666667,26.5221150722036,-1.75880616666668,-1.4321150722036,1.75880616666668,1.4321150722036,0.326691094463079,94,False,0-0-2-13
trajectory_group5,0-0-2-13-7,5,16.42,29.1468555,28.8373942029255,-12.7268555,-12.4173942029255,12.7268555,12.4173942029255,0.309461297074488,29,False,0-0-2-13
trajectory_group5,0-0-2-13-8,5,9.54,35.2654241666667,34.7624741295021,-25.7254241666667,-25.2224741295021,25.7254241666667,25.2224741295021,0.502950037164553,7,True,0-0-2-13
trajectory_group5,0-0-2-13-9,5,5.23,40.040451,40.2251685559335,-34.810451,-34.9951685559335,34.810451,34.9951685559335,-0.184717555933574,4,True,0-0-2-13
trajectory_group5,0-0-2-16-11,1,11.68,25.4715076666667,26.4824560873229,-13.7915076666667,-14.8024560873229,13.7915076666667,14.8024560873229,-1.01094842065622,23,False,0-0-2-16
trajectory_group5,0-0-2-16-12,1,14.77,24.9158245,25.2064336987619,-10.1458245,-10.4364336987619,10.1458245,10.4364336987619,-0.290609198761842,32,False,0-0-2-16
trajectory_group5,0-0-2-16-14,1,4.6,25.2287355,25.2886166430993,-20.6287355,-20.6886166430993,20.6287355,20.6886166430993,-0.0598811430992328,11,True,0-0-2-16
trajectory_group5,0-0-2-3-0,4,18.83,37.1791661666667,39.4014761235393,-18.3491661666667,-20.5714761235393,18.3491661666667,20.5714761235393,-2.22230995687262,12,True,0-0-2-3
trajectory_group5,0-0-2-3-1,4,24.7,34.966602,37.4235761882078,-10.266602,-12.7235761882078,10.266602,12.7235761882078,-2.45697418820782,27,False,0-0-2-3
trajectory_group5,0-0-2-6-2,4,43.28,30.2795708333334,29.3188427735832,13.0004291666666,13.9611572264168,13.0004291666666,13.9611572264168,-0.960728059750185,26,False,0-0-2-6
trajectory_group5,0-0-2-6-3,4,42.98,24.7118673333333,25.6435842158456,18.2681326666667,17.3364157841544,18.2681326666667,17.3364157841544,0.931716882512209,19,True,0-0-2-6
trajectory_group5,0-0-2-6-4,4,42.61,27.3066198333333,30.0400717164497,15.3033801666667,12.5699282835503,15.3033801666667,12.5699282835503,2.73345188311632,28,False,0-0-2-6
trajectory_group5,0-0-2-6-5,4,42.03,31.400477,32.2381411584824,10.629523,9.79185884151759,10.629523,9.79185884151759,0.837664158482443,34,False,0-0-2-6
trajectory_group5,0-0-2-6-6,4,41.1,32.0261093333333,31.2355857356059,9.07389066666671,9.86441426439409,9.07389066666671,9.86441426439409,-0.790523597727383,33,False,0-0-2-6
trajectory_group5,0-0-2-6-7,4,39.86,32.2124026666666,31.6832868110334,7.64759733333335,8.17671318896658,7.64759733333335,8.17671318896658,-0.529115855633229,37,False,0-0-2-6
trajectory_group5,0-0-2-6-8,4,38.45,30.652103,30.0790345067545,7.79789700000002,8.37096549324554,7.79789700000002,8.37096549324554,-0.573068493245522,36,False,0-0-2-6
trajectory_group5,0-0-2-6-9,4,37.02,29.7014463333333,28.1302232077901,7.31855366666672,8.88977679220988,7.31855366666672,8.88977679220988,-1.57122312554316,35,False,0-0-2-6
trajectory_group5,0-0-2-9-12,4,43.0,25.1508713333333,23.9522787427961,17.8491286666667,19.0477212572039,17.8491286666667,19.0477212572039,-1.19859259053724,16,True,0-0-2-9
trajectory_group5,0-0-2-9-13,4,42.23,25.346363,22.6463253678674,16.883637,19.5836746321326,16.883637,19.5836746321326,-2.70003763213259,15,True,0-0-2-9
trajectory_group5,0-0-2-9-14,4,42.05,28.7179878333333,26.8641500756432,13.3320121666667,15.1858499243568,13.3320121666667,15.1858499243568,-1.85383775769015,22,False,0-0-2-9
trajectory_group5,0-0-2-9-15,4,42.34,28.713872,21.1457230403047,13.626128,21.1942769596953,13.626128,21.1942769596953,-7.56814895969526,9,True,0-0-2-9
trajectory_group5,0-0-2-9-16,4,42.9,28.5357773333333,25.8379096537204,14.3642226666667,17.0620903462796,14.3642226666667,17.0620903462796,-2.69786767961293,20,True,0-0-2-9
trajectory_group5,0-0-2-9-17,4,43.48,28.3453136666667,25.7002098167675,15.1346863333333,17.7797901832325,15.1346863333333,17.7797901832325,-2.6451038498992,18,True,0-0-2-9
trajectory_group5,0-0-2-9-18,4,43.93,24.2524238333333,23.1041688174817,19.6775761666667,20.8258311825183,19.6775761666667,20.8258311825183,-1.14825501585159,10,True,0-0-2-9
trajectory_group5,0-0-3-1-0,4,46.53,35.143703,32.508705780071,11.386297,14.021294219929,11.386297,14.021294219929,-2.63499721992905,25,False,0-0-3-1
trajectory_group5,0-0-3-1-1,4,47.25,46.2550594999999,46.4737083886286,0.994940500000112,0.776291611371448,0.994940500000112,0.776291611371448,0.218648888628664,125,False,0-0-3-1
trajectory_group5,0-0-3-1-2,4,47.56,49.4306713333332,50.6669478867653,-1.87067133333321,-3.10694788676526,1.87067133333321,3.10694788676526,-1.23627655343205,59,False,0-0-3-1
trajectory_group5,0-0-3-1-3,4,47.62,49.1134255,49.1079851219814,-1.49342549999996,-1.48798512198143,1.49342549999996,1.48798512198143,0.0054403780185268,91,False,0-0-3-1
trajectory_group5,0-0-3-1-4,4,47.52,48.7195141666666,49.1928690441066,-1.19951416666665,-1.67286904410659,1.19951416666665,1.67286904410659,-0.473354877439945,86,False,0-0-3-1
trajectory_group5,0-0-3-1-5,4,47.35,48.2400553333333,48.7083484086041,-0.890055333333343,-1.35834840860412,0.890055333333343,1.35834840860412,-0.468293075270779,97,False,0-0-3-1
trajectory_group5,0-0-3-1-6,4,47.15,48.0605326666666,48.4913781216616,-0.910532666666612,-1.34137812166163,0.910532666666612,1.34137812166163,-0.430845454995016,100,False,0-0-3-1
trajectory_group5,0-0-3-1-7,4,46.93,47.9875186666666,47.9835193322786,-1.05751866666655,-1.05351933227859,1.05751866666655,1.05351933227859,0.0039993343879629,111,False,0-0-3-1
trajectory_group5,0-0-3-1-8,4,46.71,47.9796483333332,48.1407897489354,-1.2696483333332,-1.43078974893542,1.2696483333332,1.43078974893542,-0.161141415602216,95,False,0-0-3-1
trajectory_group5,0-0-3-11-10,3,44.51,44.4650545000002,44.62043684369,0.044945499999848,-0.11043684369001,0.044945499999848,0.11043684369001,-0.0654913436901623,163,False,0-0-3-11
trajectory_group5,0-0-3-11-11,3,43.68,44.8080103333335,44.8018508847913,-1.12801033333348,-1.12185088479126,1.12801033333348,1.12185088479126,0.0061594485422134,108,False,0-0-3-11
trajectory_group5,0-0-3-11-12,3,43.11,44.8352040000001,44.9889382345976,-1.72520400000015,-1.87893823459763,1.72520400000015,1.87893823459763,-0.153734234597479,80,False,0-0-3-11
trajectory_group5,0-0-3-11-13,3,42.95,45.0508006666668,45.020063484615,-2.10080066666676,-2.07006348461501,2.10080066666676,2.07006348461501,0.0307371820517446,74,False,0-0-3-11
trajectory_group5,0-0-3-11-14,3,43.3,45.1214185000001,45.0146432060978,-1.8214185000001,-1.7146432060978,1.8214185000001,1.7146432060978,0.106775293902302,84,False,0-0-3-11
trajectory_group5,0-0-3-11-15,3,44.14,45.0924890000001,44.9841242282667,-0.95248900000005,-0.844124228266679,0.95248900000005,0.844124228266679,0.10836477173337,121,False,0-0-3-11
trajectory_group5,0-0-3-11-16,3,45.38,45.1193263333334,45.0293588778248,0.260673666666612,0.350641122175205,0.260673666666612,0.350641122175205,-0.0899674555085923,141,False,0-0-3-11
trajectory_group5,0-0-3-11-8,3,46.3,44.0873471666668,44.0166880869147,2.21265283333322,2.28331191308531,2.21265283333322,2.28331191308531,-0.0706590797520832,70,False,0-0-3-11
trajectory_group5,0-0-3-11-9,3,45.43,44.3969605000001,44.5685169752953,1.03303949999987,0.861483024704697,1.03303949999987,0.861483024704697,0.171556475295169,119,False,0-0-3-11
trajectory_group5,0-0-3-14-17,5,39.98,44.9991820000001,44.7550368486014,-5.01918200000007,-4.77503684860142,5.01918200000007,4.77503684860142,0.244145151398655,48,False,0-0-3-14
trajectory_group5,0-0-3-14-18,5,43.62,45.0201761666667,44.6443041110881,-1.40017616666673,-1.0243041110881,1.40017616666673,1.0243041110881,0.375872055578633,112,False,0-0-3-14
trajectory_group5,0-0-3-15-3,4,45.86,31.5159038333333,31.2746731228157,14.3440961666667,14.5853268771843,14.3440961666667,14.5853268771843,-0.241230710517673,24,False,0-0-3-15
trajectory_group5,0-0-3-15-4,4,45.28,32.6847673333333,32.9458815772838,12.5952326666667,12.3341184227162,12.5952326666667,12.3341184227162,0.261114243950495,30,False,0-0-3-15
trajectory_group5,0-0-3-15-5,4,44.18,32.6229113333333,32.6787632597825,11.5570886666667,11.5012367402175,11.5570886666667,11.5012367402175,0.0558519264492006,31,False,0-0-3-15
trajectory_group5,0-0-3-15-6,4,42.31,36.6537651666667,36.7721582694032,5.65623483333329,5.53784173059683,5.65623483333329,5.53784173059683,0.118393102736462,41,False,0-0-3-15
trajectory_group5,0-0-3-18-10,5,17.54,44.418659,45.2271358375571,-26.878659,-27.6871358375571,26.878659,27.6871358375571,-0.808476837557102,6,True,0-0-3-18
trajectory_group5,0-0-3-18-11,5,11.15,44.4045205,44.7578731668955,-33.2545205,-33.6078731668955,33.2545205,33.6078731668955,-0.353352666895539,5,True,0-0-3-18
trajectory_group5,0-0-3-18-12,5,6.73,44.3961475,44.5807305244402,-37.6661475,-37.8507305244402,37.6661475,37.8507305244402,-0.184583024440258,3,True,0-0-3-18
trajectory_group5,0-0-3-18-13,5,3.9,44.3806505,44.6568760835937,-40.4806505,-40.7568760835937,40.4806505,40.7568760835937,-0.276225583593714,2,True,0-0-3-18
trajectory_group5,0-0-3-18-14,5,1.89,44.3639496666666,44.6522133626025,-42.4739496666666,-42.7622133626025,42.4739496666666,42.7622133626025,-0.288263695935925,1,True,0-0-3-18
trajectory_group5,0-0-3-18-7,5,39.07,44.4798823333333,44.9702953908774,-5.40988233333328,-5.90029539087745,5.40988233333328,5.90029539087745,-0.490413057544167,40,False,0-0-3-18
trajectory_group5,0-0-3-18-9,5,25.3,44.4306836666666,45.2193605167348,-19.1306836666666,-19.9193605167348,19.1306836666666,19.9193605167348,-0.788676850068157,14,True,0-0-3-18
trajectory_group5,0-0-3-4-10,2,46.18,44.5467455,44.3866992566427,1.63325449999999,1.79330074335727,1.63325449999999,1.79330074335727,-0.160046243357279,82,False,0-0-3-4
trajectory_group5,0-0-3-4-11,2,45.82,44.5297635,44.4413672972827,1.29023649999999,1.37863270271726,1.29023649999999,1.37863270271726,-0.08839620271727,96,False,0-0-3-4
trajectory_group5,0-0-3-4-12,2,45.51,44.4740576666667,43.8754726688611,1.03594233333333,1.63452733113887,1.03594233333333,1.63452733113887,-0.598584997805538,87,False,0-0-3-4
trajectory_group5,0-0-3-4-13,2,45.24,44.462797,44.2166323480101,0.777203000000007,1.02336765198986,0.777203000000007,1.02336765198986,-0.246164651989851,113,False,0-0-3-4
trajectory_group5,0-0-3-4-14,2,45.02,44.4840093333333,44.2098773845485,0.535990666666684,0.810122615451476,0.535990666666684,0.810122615451476,-0.274131948784792,123,False,0-0-3-4
trajectory_group5,0-0-3-4-15,2,44.83,44.4807065,44.5719449479126,0.349293499999995,0.258055052087379,0.349293499999995,0.258055052087379,0.091238447912616,151,False,0-0-3-4
trajectory_group5,0-0-3-4-16,2,44.69,44.4137873333333,44.3650146944686,0.276212666666666,0.324985305531349,0.276212666666666,0.324985305531349,-0.0487726388646834,146,False,0-0-3-4
trajectory_group5,0-0-3-4-17,2,44.58,44.356742,44.4620935448074,0.223257999999987,0.117906455192625,0.223257999999987,0.117906455192625,0.105351544807363,162,False,0-0-3-4
trajectory_group5,0-0-3-4-9,2,46.59,44.6005768333333,41.2881695531815,1.98942316666671,5.30183044681853,1.98942316666671,5.30183044681853,-3.31240728015182,42,False,0-0-3-4
trajectory_group5,0-0-3-7-18,1,44.66,44.9752761666666,44.8211369273469,-0.315276166666649,-0.161136927346874,0.315276166666649,0.161136927346874,0.154139239319775,157,False,0-0-3-7
trajectory_group5,0-0-3-8-0,3,49.99,39.8983595,43.660482681581,10.0916405,6.32951731841904,10.0916405,6.32951731841904,3.762123181581,39,False,0-0-3-8
trajectory_group5,0-0-3-8-1,3,50.26,45.1243093333333,46.2195849377281,5.13569066666673,4.04041506227193,5.13569066666673,4.04041506227193,1.0952756043948,53,False,0-0-3-8
trajectory_group5,0-0-3-8-2,3,50.33,45.7639171666666,46.4969852024483,4.56608283333338,3.83301479755166,4.56608283333338,3.83301479755166,0.733068035781713,57,False,0-0-3-8
trajectory_group5,0-0-3-8-3,3,50.27,46.8030288333333,47.3197413725793,3.46697116666667,2.95025862742069,3.46697116666667,2.95025862742069,0.516712539245979,62,False,0-0-3-8
trajectory_group5,0-0-3-8-4,3,50.07,44.7527088333334,45.2794731431203,5.3172911666666,4.79052685687969,5.3172911666666,4.79052685687969,0.526764309786913,47,False,0-0-3-8
trajectory_group5,0-0-3-8-5,3,49.72,44.4601033333334,45.1385011883921,5.2598966666666,4.5814988116079,5.2598966666666,4.5814988116079,0.678397855058698,49,False,0-0-3-8
trajectory_group5,0-0-3-8-6,3,49.25,44.8051396666668,45.3872638311829,4.44486033333325,3.86273616881707,4.44486033333325,3.86273616881707,0.582124164516181,55,False,0-0-3-8
trajectory_group5,0-0-3-8-7,3,48.68,44.6084006666668,44.8556203221817,4.07159933333322,3.82437967781834,4.07159933333322,3.82437967781834,0.24721965551489,58,False,0-0-3-8
trajectory_group5,0-0-4-10-0,2,49.14,49.2235806666667,50.2024012970063,-0.0835806666666628,-1.06240129700632,0.0835806666666628,1.06240129700632,-0.978820630339662,110,False,0-0-4-10
trajectory_group5,0-0-4-10-1,2,49.17,49.2931003333334,49.3522905716736,-0.123100333333355,-0.182290571673562,0.123100333333355,0.182290571673562,-0.0591902383402072,156,False,0-0-4-10
trajectory_group5,0-0-4-10-2,2,49.17,48.9535186666667,50.0747553203823,0.216481333333341,-0.9047553203823,0.216481333333341,0.9047553203823,-0.688273987048959,116,False,0-0-4-10
trajectory_group5,0-0-4-10-3,2,49.13,48.7531855,49.2568789572704,0.376814500000009,-0.126878957270378,0.376814500000009,0.126878957270378,0.249935542729631,161,False,0-0-4-10
trajectory_group5,0-0-4-10-4,2,49.04,48.7014046666666,49.486842446862,0.338595333333359,-0.44684244686205,0.338595333333359,0.44684244686205,-0.108247113528691,136,False,0-0-4-10
trajectory_group5,0-0-4-13-10,2,46.25,46.6940646666666,47.0981258169134,-0.444064666666591,-0.848125816913402,0.444064666666591,0.848125816913402,-0.404061150246811,120,False,0-0-4-13
trajectory_group5,0-0-4-13-12,2,45.73,46.6745164999999,46.8133562108035,-0.944516499999928,-1.08335621080353,0.944516499999928,1.08335621080353,-0.138839710803602,109,False,0-0-4-13
trajectory_group5,0-0-4-13-13,2,45.61,46.6595499999999,46.9299469358309,-1.0495499999999,-1.31994693583091,1.0495499999999,1.31994693583091,-0.270396935831009,101,False,0-0-4-13
trajectory_group5,0-0-4-13-5,2,46.98,44.9074991666667,45.538741845032,2.07250083333331,1.441258154968,2.07250083333331,1.441258154968,0.631242678365311,93,False,0-0-4-13
trajectory_group5,0-0-4-13-6,2,46.95,45.4010574999999,46.2940284411055,1.54894250000006,0.655971558894507,1.54894250000006,0.655971558894507,0.892970941105553,130,False,0-0-4-13
trajectory_group5,0-0-4-13-7,2,46.89,45.9539284999999,46.1140615771591,0.936071500000089,0.775938422840852,0.936071500000089,0.775938422840852,0.160133077159237,126,False,0-0-4-13
trajectory_group5,0-0-4-13-8,2,46.75,46.5351829999999,46.5082493336858,0.214817000000082,0.241750666314175,0.214817000000082,0.241750666314175,-0.0269336663140933,153,False,0-0-4-13
trajectory_group5,0-0-4-13-9,2,46.53,46.7149028333333,47.4016226502626,-0.184902833333268,-0.871622650262637,0.184902833333268,0.871622650262637,-0.686719816929369,118,False,0-0-4-13
trajectory_group5,0-0-4-16-14,3,42.82,47.1732159999999,47.1602015537636,-4.35321599999995,-4.34020155376357,4.35321599999995,4.34020155376357,0.0130144462363759,51,False,0-0-4-16
trajectory_group5,0-0-4-16-15,3,43.15,47.1745228333333,47.2920833740768,-4.02452283333328,-4.14208337407678,4.02452283333328,4.14208337407678,-0.117560540743497,52,False,0-0-4-16
trajectory_group5,0-0-4-16-16,3,43.85,47.1681828333333,47.7110236319738,-3.31818283333327,-3.86102363197384,3.31818283333327,3.86102363197384,-0.542840798640562,56,False,0-0-4-16
trajectory_group5,0-0-4-16-17,3,44.82,47.1651726666666,47.5688243083647,-2.34517266666661,-2.74882430836468,2.34517266666661,2.74882430836468,-0.403651641698076,64,False,0-0-4-16
trajectory_group5,0-0-4-16-18,3,45.89,47.2047679999999,47.2380566386253,-1.31476799999994,-1.34805663862533,1.31476799999994,1.34805663862533,-0.0332886386253932,99,False,0-0-4-16
trajectory_group5,0-0-4-17-0,2,47.67,45.7397753333333,45.7993090426658,1.93022466666671,1.87069095733417,1.93022466666671,1.87069095733417,0.0595337093325412,81,False,0-0-4-17
trajectory_group5,0-0-4-17-1,2,47.61,45.7223551666666,45.6304118066454,1.88764483333337,1.97958819335462,1.88764483333337,1.97958819335462,-0.0919433600212543,75,False,0-0-4-17
trajectory_group5,0-0-4-17-2,2,47.46,45.7057495,46.5180180317471,1.75425050000003,0.941981968252861,1.75425050000003,0.941981968252861,0.812268531747172,115,False,0-0-4-17
trajectory_group5,0-0-4-17-3,2,47.28,45.456341,45.3578678030286,1.82365900000003,1.92213219697143,1.82365900000003,1.92213219697143,-0.0984731969713977,78,False,0-0-4-17
trajectory_group5,0-0-4-2-16,5,47.15,47.4699526666665,47.3993306575711,-0.319952666666502,-0.249330657571136,0.319952666666502,0.249330657571136,0.0706220090953664,152,False,0-0-4-2
trajectory_group5,0-0-4-2-17,5,47.11,47.1468551666665,46.5324776953425,-0.0368551666664771,0.577522304657464,0.0368551666664771,0.577522304657464,-0.540667137990987,132,False,0-0-4-2
trajectory_group5,0-0-4-2-18,5,47.07,47.0456513333331,46.7489569070726,0.0243486666668744,0.321043092927404,0.0243486666668744,0.321043092927404,-0.29669442626053,147,False,0-0-4-2
trajectory_group5,0-0-4-3-0,1,50.6,44.9474419999999,45.4151301250995,5.65255800000013,5.18486987490048,5.65255800000013,5.18486987490048,0.467688125099649,44,False,0-0-4-3
trajectory_group5,0-0-4-3-1,1,50.67,47.8388558333332,48.3952809615501,2.83114416666682,2.27471903844987,2.83114416666682,2.27471903844987,0.556425128216944,71,False,0-0-4-3
trajectory_group5,0-0-4-3-2,1,50.52,47.7305488333332,48.2183935501947,2.7894511666668,2.3016064498053,2.7894511666668,2.3016064498053,0.487844716861503,69,False,0-0-4-3
trajectory_group5,0-0-4-3-3,1,50.21,47.7665098333332,48.2760806666453,2.44349016666677,1.9339193333547,2.44349016666677,1.9339193333547,0.509570833312068,77,False,0-0-4-3
trajectory_group5,0-0-4-3-4,1,49.81,47.8948414999999,48.0865564291874,1.91515850000005,1.72344357081263,1.91515850000005,1.72344357081263,0.19171492918742,83,False,0-0-4-3
trajectory_group5,0-0-4-3-5,1,49.35,47.914279,47.9920697523064,1.43572100000005,1.3579302476936,1.43572100000005,1.3579302476936,0.0777907523064556,98,False,0-0-4-3
trajectory_group5,0-0-4-6-10,1,47.95,48.1969943333333,48.2678021854634,-0.246994333333312,-0.317802185463428,0.246994333333312,0.317802185463428,-0.0708078521301161,148,False,0-0-4-6
trajectory_group5,0-0-4-6-11,1,47.67,47.9411933333332,47.9366607702938,-0.271193333333223,-0.266660770293825,0.271193333333223,0.266660770293825,0.0045325630393975,150,False,0-0-4-6
trajectory_group5,0-0-4-6-12,1,47.45,47.8753061666666,48.1266033235103,-0.425306166666594,-0.676603323510278,0.425306166666594,0.676603323510278,-0.251297156843684,129,False,0-0-4-6
trajectory_group5,0-0-4-6-13,1,47.28,47.5402461666666,47.847743761408,-0.260246166666555,-0.567743761408046,0.260246166666555,0.567743761408046,-0.307497594741491,133,False,0-0-4-6
trajectory_group5,0-0-4-6-14,1,47.14,47.0523593333333,47.1397358894879,0.0876406666666938,0.000264110512127,0.0876406666666938,0.000264110512127,0.0873765561545667,170,False,0-0-4-6
trajectory_group5,0-0-4-6-6,1,49.76,49.1673311666667,49.4573063236084,0.592668833333313,0.30269367639157,0.592668833333313,0.30269367639157,0.289975156941743,149,False,0-0-4-6
trajectory_group5,0-0-4-6-7,1,49.2,48.8138613333334,49.0628896004431,0.386138666666646,0.137110399556903,0.386138666666646,0.137110399556903,0.249028267109743,159,False,0-0-4-6
trajectory_group5,0-0-4-6-8,1,48.71,48.4088306666667,48.8019583306829,0.301169333333348,-0.0919583306829352,0.301169333333348,0.0919583306829352,0.209211002650413,165,False,0-0-4-6
trajectory_group5,0-0-4-6-9,1,48.29,48.2717415,48.3175958714117,0.0182585000000302,-0.0275958714117479,0.0182585000000302,0.0275958714117479,-0.0093373714117177,168,False,0-0-4-6
trajectory_group5,0-0-4-9-15,4,46.82,47.0793873333331,47.8132015462332,-0.259387333333052,-0.99320154623318,0.259387333333052,0.99320154623318,-0.733814212900128,114,False,0-0-4-9
trajectory_group5,0-0-4-9-16,4,46.8,47.0649113333331,47.1441893478345,-0.264911333333067,-0.344189347834536,0.264911333333067,0.344189347834536,-0.0792780145014689,143,False,0-0-4-9
trajectory_group5,0-0-4-9-17,4,46.82,47.0411439999997,47.6175848423929,-0.221143999999747,-0.797584842392858,0.221143999999747,0.797584842392858,-0.576440842393112,124,False,0-0-4-9
trajectory_group5,0-0-4-9-18,4,46.88,47.0330648333331,47.5599421064555,-0.153064833333062,-0.679942106455449,0.153064833333062,0.679942106455449,-0.526877273122388,128,False,0-0-4-9
trajectory_group5,0-0-5-1-10,1,47.73,47.793058,45.5065129334892,-0.0630579999999554,2.22348706651083,0.0630579999999554,2.22348706651083,-2.16042906651088,72,False,0-0-5-1
trajectory_group5,0-0-5-1-4,1,48.71,48.5004183333333,46.5298909072282,0.209581666666736,2.18010909277181,0.209581666666736,2.18010909277181,-1.97052742610507,73,False,0-0-5-1
trajectory_group5,0-0-5-1-5,1,48.48,48.2860448333333,45.9789490985027,0.193955166666726,2.50105090149727,0.193955166666726,2.50105090149727,-2.30709573483055,66,False,0-0-5-1
trajectory_group5,0-0-5-1-6,1,48.27,48.1695783333332,43.0836026939966,0.100421666666776,5.18639730600339,0.100421666666776,5.18639730600339,-5.08597563933661,43,False,0-0-5-1
trajectory_group5,0-0-5-1-7,1,48.08,48.0736654999999,42.9818992740403,0.0063345000001007,5.09810072595972,0.0063345000001007,5.09810072595972,-5.09176622595962,45,False,0-0-5-1
trajectory_group5,0-0-5-1-8,1,47.94,47.8711359999999,43.9905734234525,0.0688640000001044,3.9494265765475,0.0688640000001044,3.9494265765475,-3.8805625765474,54,False,0-0-5-1
trajectory_group5,0-0-5-1-9,1,47.82,47.8307423333333,42.927125817566,-0.0107423333332619,4.89287418243401,0.0107423333332619,4.89287418243401,-4.88213184910074,46,False,0-0-5-1
trajectory_group5,0-0-5-11-12,2,47.45,47.3714055,47.5802738092609,0.0785945000000225,-0.130273809260878,0.0785945000000225,0.130273809260878,-0.0516793092608552,160,False,0-0-5-11
trajectory_group5,0-0-5-11-13,2,47.36,47.3807303333333,47.7084705508806,-0.0207303333332831,-0.348470550880599,0.0207303333332831,0.348470550880599,-0.327740217547316,142,False,0-0-5-11
trajectory_group5,0-0-5-11-14,2,47.29,47.3567446666666,47.4454428633676,-0.0667446666666223,-0.155442863367604,0.0667446666666223,0.155442863367604,-0.0886981967009817,158,False,0-0-5-11
trajectory_group5,0-0-5-11-15,2,47.25,47.4227183333333,47.6010290691662,-0.17271833333325,-0.351029069166216,0.17271833333325,0.351029069166216,-0.178310735832966,139,False,0-0-5-11
trajectory_group5,0-0-5-11-16,2,47.25,47.4288728333333,47.5882621695198,-0.178872833333251,-0.338262169519808,0.178872833333251,0.338262169519808,-0.159389336186557,144,False,0-0-5-11
trajectory_group5,0-0-5-11-17,2,47.28,47.4345033333333,47.762551663256,-0.154503333333267,-0.482551663256032,0.154503333333267,0.482551663256032,-0.328048329922765,135,False,0-0-5-11
trajectory_group5,0-0-5-11-18,2,47.34,47.4393076666666,47.5464701338549,-0.0993076666665971,-0.2064701338549,0.0993076666665971,0.2064701338549,-0.107162467188303,155,False,0-0-5-11
trajectory_group5,0-0-5-12-0,3,47.76,47.7665368333334,47.7415587589212,-0.0065368333333566,0.0184412410787758,0.0065368333333566,0.0184412410787758,-0.0119044077454191,169,False,0-0-5-12
trajectory_group5,0-0-5-12-1,3,47.75,47.4362933333334,47.3903015146344,0.313706666666633,0.359698485365591,0.313706666666633,0.359698485365591,-0.0459918186989583,137,False,0-0-5-12
trajectory_group5,0-0-5-15-10,5,47.04,47.7960274999999,47.6929356678833,-0.756027499999881,-0.65293566788332,0.756027499999881,0.65293566788332,0.103091832116561,131,False,0-0-5-15
trajectory_group5,0-0-5-15-2,5,46.73,48.0371211666666,48.3470879090873,-1.30712116666656,-1.61708790908732,1.30712116666656,1.61708790908732,-0.309966742420762,88,False,0-0-5-15
trajectory_group5,0-0-5-15-3,5,46.64,48.0417841666665,48.0986438324259,-1.40178416666653,-1.4586438324259,1.40178416666653,1.4586438324259,-0.0568596657593687,92,False,0-0-5-15
trajectory_group5,0-0-5-15-4,5,46.57,48.0373238333332,47.8438217756395,-1.4673238333332,-1.27382177563955,1.4673238333332,1.27382177563955,0.193502057693649,103,False,0-0-5-15
trajectory_group5,0-0-5-15-5,5,46.57,47.9797398333332,47.8340869270177,-1.40973983333323,-1.26408692701774,1.40973983333323,1.26408692701774,0.145652906315497,105,False,0-0-5-15
trajectory_group5,0-0-5-15-6,5,46.61,47.9064156666666,47.8876018637519,-1.29641566666658,-1.27760186375193,1.29641566666658,1.27760186375193,0.018813802914643,102,False,0-0-5-15
trajectory_group5,0-0-5-15-9,5,46.91,47.8205864999999,47.7346798439671,-0.910586499999887,-0.824679843967104,0.910586499999887,0.824679843967104,0.0859066560327832,122,False,0-0-5-15
trajectory_group5,0-0-5-18-11,1,47.87,44.3526815,45.4368289792651,3.51731850000002,2.43317102073492,3.51731850000002,2.43317102073492,1.0841474792651,67,False,0-0-5-18
trajectory_group5,0-0-5-18-12,1,47.83,44.2796616666667,45.2186756067956,3.55033833333334,2.61132439320443,3.55033833333334,2.61132439320443,0.939013940128902,65,False,0-0-5-18
trajectory_group5,0-0-5-18-13,1,47.79,44.1439375,45.411437964407,3.6460625,2.37856203559305,3.6460625,2.37856203559305,1.26750046440695,68,False,0-0-5-18
trajectory_group5,0-0-5-18-14,1,47.78,43.7375073333333,45.8723288814327,4.04249266666665,1.9076711185673,4.04249266666665,1.9076711185673,2.13482154809935,79,False,0-0-5-18
trajectory_group5,0-0-5-18-15,1,47.81,44.0780135,46.2763926500177,3.73198649999998,1.53360734998232,3.73198649999998,1.53360734998232,2.19837915001766,89,False,0-0-5-18
trajectory_group5,0-0-5-18-16,1,47.89,45.4678028333334,47.6626833689559,2.42219716666663,0.227316631044054,2.42219716666663,0.227316631044054,2.19488053562257,154,False,0-0-5-18
trajectory_group5,0-0-5-18-17,1,48.02,45.4632861666667,47.6692650596973,2.5567138333333,0.350734940302708,2.5567138333333,0.350734940302708,2.20597889303059,140,False,0-0-5-18
trajectory_group5,0-0-5-18-18,1,48.18,46.0878603333334,47.281232011848,2.09213966666664,0.898767988151981,2.09213966666664,0.898767988151981,1.19337167851466,117,False,0-0-5-18
trajectory_group5,0-0-5-4-13,5,47.64,47.8289196666665,47.3047528355079,-0.188919666666486,0.335247164492145,0.188919666666486,0.335247164492145,-0.146327497825659,145,False,0-0-5-4
trajectory_group5,0-0-5-4-14,5,47.56,47.7974913333332,46.3563604575389,-0.237491333333153,1.20363954246109,0.237491333333153,1.20363954246109,-0.966148209127937,106,False,0-0-5-4
trajectory_group5,0-0-5-4-15,5,47.51,47.7215774999998,46.3343523976975,-0.211577499999784,1.17564760230254,0.211577499999784,1.17564760230254,-0.964070102302756,107,False,0-0-5-4
trajectory_group5,0-0-5-4-16,5,47.47,47.4397189999998,47.4273656925718,0.0302810000002296,0.0426343074282016,0.0302810000002296,0.0426343074282016,-0.012353307427972,166,False,0-0-5-4
trajectory_group5,0-0-5-4-17,5,47.44,47.4288859999998,47.4802337742936,0.0111140000002123,-0.0402337742935757,0.0111140000002123,0.0402337742935757,-0.0291197742933633,167,False,0-0-5-4
trajectory_group5,0-0-5-4-18,5,47.41,47.4239741666664,47.5168318225578,-0.0139741666664435,-0.10683182255783,0.0139741666664435,0.10683182255783,-0.0928576558913861,164,False,0-0-5-4
trajectory_group5,0-0-5-5-0,3,52.24,49.4249633333333,49.2188341444127,2.81503666666669,3.02116585558731,2.81503666666669,3.02116585558731,-0.206129188920627,60,False,0-0-5-5
trajectory_group5,0-0-5-5-1,3,52.21,49.3773266666667,49.385828082997,2.83267333333333,2.82417191700301,2.83267333333333,2.82417191700301,0.0085014163303185,63,False,0-0-5-5
trajectory_group5,0-0-5-5-2,3,51.96,49.3176301666667,48.9900965779682,2.64236983333335,2.96990342203176,2.64236983333335,2.96990342203176,-0.327533588698408,61,False,0-0-5-5
trajectory_group5,0-0-5-8-10,3,48.17,47.7202098333333,47.8110061261705,0.449790166666673,0.358993873829483,0.449790166666673,0.358993873829483,0.0907962928371902,138,False,0-0-5-8
trajectory_group5,0-0-5-8-3,3,50.72,48.6013203333333,48.7465704428431,2.11867966666667,1.97342955715694,2.11867966666667,1.97342955715694,0.145250109509725,76,False,0-0-5-8
trajectory_group5,0-0-5-8-4,3,50.37,48.4954426666667,48.6650067371734,1.87455733333332,1.70499326282655,1.87455733333332,1.70499326282655,0.169564070506773,85,False,0-0-5-8
trajectory_group5,0-0-5-8-5,3,49.98,48.3914651666666,48.4499517441212,1.58853483333336,1.53004825587879,1.58853483333336,1.53004825587879,0.0584865774545662,90,False,0-0-5-8
trajectory_group5,0-0-5-8-6,3,49.56,48.1949641666667,48.2890256320067,1.36503583333332,1.27097436799328,1.36503583333332,1.27097436799328,0.0940614653400402,104,False,0-0-5-8
trajectory_group5,0-0-5-8-8,3,48.78,48.0228186666667,48.0474332912933,0.757181333333349,0.732566708706692,0.757181333333349,0.732566708706692,0.0246146246266576,127,False,0-0-5-8
trajectory_group5,0-0-5-8-9,3,48.45,47.8666558333334,47.9618559960486,0.583344166666642,0.488144003951419,0.583344166666642,0.488144003951419,0.0952001627152228,134,False,0-0-5-8
trajectory_group10,0-0-2-10-0,9,40.74,38.6727695000002,36.4287027454961,2.06723049999979,4.31129725450389,2.06723049999979,4.31129725450389,-2.2440667545041,40,False,0-0-2-10
trajectory_group10,0-0-2-13-1,5,41.08,31.2350175,31.4555543262697,9.84498249999996,9.62444567373028,9.84498249999996,9.62444567373028,0.220536826269679,33,False,0-0-2-13
trajectory_group10,0-0-2-13-2,5,43.73,29.6378368333333,32.1589554510098,14.0921631666666,11.5710445489902,14.0921631666666,11.5710445489902,2.52111861767645,31,False,0-0-2-13
trajectory_group10,0-0-2-13-3,5,42.65,30.1323913333333,32.0033602288264,12.5176086666667,10.6466397711736,12.5176086666667,10.6466397711736,1.87096889549311,32,False,0-0-2-13
trajectory_group10,0-0-2-13-4,5,39.08,31.726131,34.7890028399625,7.35386900000001,4.29099716003748,7.35386900000001,4.29099716003748,3.06287183996253,41,False,0-0-2-13
trajectory_group10,0-0-2-13-5,5,33.16,32.609943,35.4936339646022,0.550057000000024,-2.33363396460219,0.550057000000024,2.33363396460219,-1.78357696460217,63,False,0-0-2-13
trajectory_group10,0-0-2-13-6,5,25.09,31.7808486666667,32.6832988121507,-6.69084866666666,-7.5932988121507,6.69084866666666,7.5932988121507,-0.902450145484043,35,False,0-0-2-13
trajectory_group10,0-0-2-13-7,5,16.42,32.426053,34.3576966853241,-16.006053,-17.9376966853241,16.006053,17.9376966853241,-1.93164368532415,22,False,0-0-2-13
trajectory_group10,0-0-2-13-8,5,9.54,36.0506171666667,36.1757540790938,-26.5106171666667,-26.6357540790938,26.5106171666667,26.6357540790938,-0.125136912427102,13,True,0-0-2-13
trajectory_group10,0-0-2-13-9,5,5.23,36.0762895,38.301175779256,-30.8462895,-33.071175779256,30.8462895,33.071175779256,-2.22488627925602,5,True,0-0-2-13
trajectory_group10,0-0-2-16-11,1,11.68,26.2503611666667,27.2551179439425,-14.5703611666667,-15.5751179439425,14.5703611666667,15.5751179439425,-1.00475677727577,28,False,0-0-2-16
trajectory_group10,0-0-2-16-12,1,14.77,25.8255701666667,27.0700439525864,-11.0555701666667,-12.3000439525864,11.0555701666667,12.3000439525864,-1.24447378591972,29,False,0-0-2-16
trajectory_group10,0-0-2-16-14,1,4.6,25.8666091666667,27.3287014430584,-21.2666091666667,-22.7287014430584,21.2666091666667,22.7287014430584,-1.46209227639169,16,True,0-0-2-16
trajectory_group10,0-0-2-3-0,6,18.83,39.8948200000001,44.3605394372301,-21.0648200000001,-25.5305394372301,21.0648200000001,25.5305394372301,-4.46571943722993,15,True,0-0-2-3
trajectory_group10,0-0-2-3-1,6,24.7,39.6666935000001,44.953457005777,-14.9666935000001,-20.253457005777,14.9666935000001,20.253457005777,-5.28676350577685,18,True,0-0-2-3
trajectory_group10,0-0-2-6-2,9,43.28,25.7007391666667,22.7185071511988,17.5792608333333,20.5614928488012,17.5792608333333,20.5614928488012,-2.98223201546791,17,True,0-0-2-6
trajectory_group10,0-0-2-6-3,9,42.98,24.1607443333334,23.8165266019719,18.8192556666666,19.1634733980281,18.8192556666666,19.1634733980281,-0.344217731361439,19,True,0-0-2-6
trajectory_group10,0-0-2-6-4,9,42.61,22.4652921666667,24.585224713677,20.1447078333333,18.024775286323,20.1447078333333,18.024775286323,2.11993254701035,21,False,0-0-2-6
trajectory_group10,0-0-2-6-5,9,42.03,26.5256545,25.0340123123638,15.5043455,16.9959876876362,15.5043455,16.9959876876362,-1.49164218763618,24,False,0-0-2-6
trajectory_group10,0-0-2-6-6,9,41.1,26.7318543333333,24.1032130964282,14.3681456666667,16.9967869035718,14.3681456666667,16.9967869035718,-2.62864123690508,23,False,0-0-2-6
trajectory_group10,0-0-2-6-7,9,39.86,26.695991,24.2465882444909,13.164009,15.6134117555091,13.164009,15.6134117555091,-2.44940275550908,27,False,0-0-2-6
trajectory_group10,0-0-2-6-8,9,38.45,26.0423246666666,22.2424281286781,12.4076753333334,16.2075718713219,12.4076753333334,16.2075718713219,-3.79989653798852,26,False,0-0-2-6
trajectory_group10,0-0-2-6-9,9,37.02,24.6426805,20.1178986105677,12.3773195,16.9021013894323,12.3773195,16.9021013894323,-4.52478188943227,25,False,0-0-2-6
trajectory_group10,0-0-2-9-12,9,43.0,18.4890586666667,13.9793926830874,24.5109413333333,29.0206073169126,24.5109413333333,29.0206073169126,-4.50966598357925,11,True,0-0-2-9
trajectory_group10,0-0-2-9-13,9,42.23,18.5868828333333,13.339764095141,23.6431171666667,28.890235904859,23.6431171666667,28.890235904859,-5.24711873819232,12,True,0-0-2-9
trajectory_group10,0-0-2-9-14,9,42.05,16.8898916666666,12.8788351482774,25.1601083333334,29.1711648517226,25.1601083333334,29.1711648517226,-4.01105651838926,10,True,0-0-2-9
trajectory_group10,0-0-2-9-15,9,42.34,16.7719348333333,12.2810749760562,25.5680651666667,30.0589250239438,25.5680651666667,30.0589250239438,-4.4908598572771,9,True,0-0-2-9
trajectory_group10,0-0-2-9-16,9,42.9,16.7147588333333,11.1725199243804,26.1852411666667,31.7274800756196,26.1852411666667,31.7274800756196,-5.54223890895287,8,True,0-0-2-9
trajectory_group10,0-0-2-9-17,9,43.48,16.6882976666666,10.571685003273,26.7917023333334,32.908314996727,26.7917023333334,32.908314996727,-6.11661266339364,6,True,0-0-2-9
trajectory_group10,0-0-2-9-18,9,43.93,15.7339193333333,9.73422874836201,28.1960806666667,34.195771251638,28.1960806666667,34.195771251638,-5.99969058497129,4,True,0-0-2-9
trajectory_group10,0-0-3-1-0,4,46.53,33.3602065000002,34.4724836247499,13.1697934999998,12.0575163752501,13.1697934999998,12.0575163752501,1.11227712474975,30,False,0-0-3-1
trajectory_group10,0-0-3-1-1,4,47.25,46.3755445,46.8573440993891,0.874455500000046,0.392655900610926,0.874455500000046,0.392655900610926,0.48179959938912,131,False,0-0-3-1
trajectory_group10,0-0-3-1-2,4,47.56,49.6187229999999,50.2586476271245,-2.05872299999991,-2.69864762712454,2.05872299999991,2.69864762712454,-0.639924627124628,54,False,0-0-3-1
trajectory_group10,0-0-3-1-3,4,47.62,48.6628464999999,49.1334164806903,-1.04284649999992,-1.5134164806903,1.04284649999992,1.5134164806903,-0.470569980690371,88,False,0-0-3-1
trajectory_group10,0-0-3-1-4,4,47.52,47.696409,48.3293331995077,-0.17640899999995,-0.809333199507734,0.17640899999995,0.809333199507734,-0.632924199507784,111,False,0-0-3-1
trajectory_group10,0-0-3-1-5,4,47.35,47.4067975,48.3581924401417,-0.0567974999999734,-1.00819244014166,0.0567974999999734,1.00819244014166,-0.951394940141682,107,False,0-0-3-1
trajectory_group10,0-0-3-1-6,4,47.15,47.3396349999999,47.7358549694425,-0.189634999999939,-0.585854969442508,0.189634999999939,0.585854969442508,-0.396219969442569,116,False,0-0-3-1
trajectory_group10,0-0-3-1-7,4,46.93,47.0495616666665,47.092698578519,-0.119561666666534,-0.162698578519006,0.119561666666534,0.162698578519006,-0.0431369118524714,153,False,0-0-3-1
trajectory_group10,0-0-3-1-8,4,46.71,47.2209911666665,47.9943104231922,-0.510991166666543,-1.28431042319222,0.510991166666543,1.28431042319222,-0.773319256525681,96,False,0-0-3-1
trajectory_group10,0-0-3-11-10,3,44.51,44.4858183333334,45.446255021838,0.0241816666666352,-0.936255021837958,0.0241816666666352,0.936255021837958,-0.912073355171323,109,False,0-0-3-11
trajectory_group10,0-0-3-11-11,3,43.68,44.9092468333334,45.3580531848273,-1.22924683333337,-1.67805318482732,1.22924683333337,1.67805318482732,-0.44880635149395,78,False,0-0-3-11
trajectory_group10,0-0-3-11-12,3,43.11,45.0209656666667,46.0438578561562,-1.91096566666669,-2.93385785615622,1.91096566666669,2.93385785615622,-1.02289218948953,52,False,0-0-3-11
trajectory_group10,0-0-3-11-13,3,42.95,45.1341310000001,45.5343109512708,-2.18413100000006,-2.58431095127079,2.18413100000006,2.58431095127079,-0.400179951270722,60,False,0-0-3-11
trajectory_group10,0-0-3-11-14,3,43.3,45.13038,45.542272190984,-1.83038000000004,-2.24227219098398,1.83038000000004,2.24227219098398,-0.411892190983941,66,False,0-0-3-11
trajectory_group10,0-0-3-11-15,3,44.14,45.1018148333334,45.4810845060782,-0.961814833333356,-1.34108450607818,0.961814833333356,1.34108450607818,-0.379269672744819,94,False,0-0-3-11
trajectory_group10,0-0-3-11-16,3,45.38,45.1227828333334,45.5154157006095,0.257217166666635,-0.135415700609485,0.257217166666635,0.135415700609485,0.12180146605715,158,False,0-0-3-11
trajectory_group10,0-0-3-11-8,3,46.3,44.6613688333333,44.5589239444165,1.63863116666666,1.74107605558353,1.63863116666666,1.74107605558353,-0.102444888916871,77,False,0-0-3-11
trajectory_group10,0-0-3-11-9,3,45.43,44.2346415000001,45.2931357418419,1.19535849999993,0.136864258158063,1.19535849999993,0.136864258158063,1.05849424184186,157,False,0-0-3-11
trajectory_group10,0-0-3-14-17,7,39.98,44.8277670000001,44.6936025765496,-4.84776700000011,-4.71360257654956,4.84776700000011,4.71360257654956,0.134164423450549,37,False,0-0-3-14
trajectory_group10,0-0-3-14-18,7,43.62,44.8600531666668,45.4947171328593,-1.24005316666678,-1.87471713285933,1.24005316666678,1.87471713285933,-0.634663966192548,74,False,0-0-3-14
trajectory_group10,0-0-3-15-3,5,45.86,40.5425309999999,40.1611516352118,5.31746900000005,5.69884836478818,5.31746900000005,5.69884836478818,-0.381379364788131,36,False,0-0-3-15
trajectory_group10,0-0-3-15-4,5,45.28,40.6450315,40.8371419387698,4.63496850000004,4.44285806123018,4.63496850000004,4.44285806123018,0.192110438769866,39,False,0-0-3-15
trajectory_group10,0-0-3-15-5,5,44.18,42.0737923333333,42.41694800699,2.10620766666671,1.76305199301,2.10620766666671,1.76305199301,0.34315567365671,76,False,0-0-3-15
trajectory_group10,0-0-3-15-6,5,42.31,42.2379228333333,42.8729189021757,0.0720771666667304,-0.562918902175689,0.0720771666667304,0.562918902175689,-0.490841735508958,118,False,0-0-3-15
trajectory_group10,0-0-3-18-10,10,17.54,44.1869656666666,43.7366207871355,-26.6469656666666,-26.1966207871355,26.6469656666666,26.1966207871355,0.450344879531166,14,True,0-0-3-18
trajectory_group10,0-0-3-18-11,10,11.15,44.1840116666666,43.6878746134722,-33.0340116666666,-32.5378746134722,33.0340116666666,32.5378746134722,0.49613705319446,7,True,0-0-3-18
trajectory_group10,0-0-3-18-12,10,6.73,44.1730941666666,43.7781053991622,-37.4430941666666,-37.0481053991622,37.4430941666666,37.0481053991622,0.394988767504415,3,True,0-0-3-18
trajectory_group10,0-0-3-18-13,10,3.9,44.1619138333333,43.6212477108688,-40.2619138333333,-39.7212477108688,40.2619138333333,39.7212477108688,0.540666122464536,2,True,0-0-3-18
trajectory_group10,0-0-3-18-14,10,1.89,44.1511388333333,43.7082344729459,-42.2611388333333,-41.8182344729459,42.2611388333333,41.8182344729459,0.442904360387367,1,True,0-0-3-18
trajectory_group10,0-0-3-18-7,10,39.07,44.292614,43.7225541449854,-5.22261399999997,-4.65255414498536,5.22261399999997,4.65255414498536,0.570059855014613,38,False,0-0-3-18
trajectory_group10,0-0-3-18-9,10,25.3,44.2428618333333,43.722862686844,-18.9428618333333,-18.422862686844,18.9428618333333,18.422862686844,0.519999146489255,20,True,0-0-3-18
trajectory_group10,0-0-3-4-10,2,46.18,44.64837,44.3676078468281,1.53163000000003,1.81239215317188,1.53163000000003,1.81239215317188,-0.28076215317185,75,False,0-0-3-4
trajectory_group10,0-0-3-4-11,2,45.82,44.5971683333333,44.5279537570529,1.22283166666668,1.29204624294709,1.22283166666668,1.29204624294709,-0.0692145762804159,95,False,0-0-3-4
trajectory_group10,0-0-3-4-12,2,45.51,44.527788,43.8801565081289,0.982212000000011,1.62984349187113,0.982212000000011,1.62984349187113,-0.647631491871117,82,False,0-0-3-4
trajectory_group10,0-0-3-4-13,2,45.24,44.4880633333333,44.178437416242,0.751936666666687,1.06156258375795,0.751936666666687,1.06156258375795,-0.309625917091267,105,False,0-0-3-4
trajectory_group10,0-0-3-4-14,2,45.02,44.5056151666666,43.8114859042584,0.514384833333366,1.20851409574159,0.514384833333366,1.20851409574159,-0.694129262408225,99,False,0-0-3-4
trajectory_group10,0-0-3-4-15,2,44.83,44.5157371666667,44.6081439699239,0.314262833333338,0.22185603007609,0.314262833333338,0.22185603007609,0.0924068032572478,146,False,0-0-3-4
trajectory_group10,0-0-3-4-16,2,44.69,44.4196478333333,44.1685057314767,0.270352166666662,0.521494268523334,0.270352166666662,0.521494268523334,-0.251142101856672,120,False,0-0-3-4
trajectory_group10,0-0-3-4-17,2,44.58,44.3750545,44.5725242373497,0.204945500000008,0.0074757626502588,0.204945500000008,0.0074757626502588,0.197469737349749,169,False,0-0-3-4
trajectory_group10,0-0-3-4-9,2,46.59,44.7238258333333,44.5381958943955,1.86617416666675,2.05180410560451,1.86617416666675,2.05180410560451,-0.185629938937765,69,False,0-0-3-4
trajectory_group10,0-0-3-7-18,8,44.66,44.879465,44.8302474951947,-0.219465000000028,-0.170247495194701,0.219465000000028,0.170247495194701,0.0492175048053269,149,False,0-0-3-7
trajectory_group10,0-0-3-8-0,8,49.99,39.5667635,41.6426066433813,10.4232365,8.34739335661868,10.4232365,8.34739335661868,2.07584314338133,34,False,0-0-3-8
trajectory_group10,0-0-3-8-1,8,50.26,45.8331993333332,46.7367339271919,4.42680066666676,3.52326607280807,4.42680066666676,3.52326607280807,0.903534593858694,47,False,0-0-3-8
trajectory_group10,0-0-3-8-2,8,50.33,46.816184,47.6716392437824,3.51381600000005,2.65836075621758,3.51381600000005,2.65836075621758,0.855455243782465,56,False,0-0-3-8
trajectory_group10,0-0-3-8-3,8,50.27,47.0233371666666,47.5989456110509,3.24666283333338,2.67105438894913,3.24666283333338,2.67105438894913,0.575608444384251,55,False,0-0-3-8
trajectory_group10,0-0-3-8-4,8,50.07,45.3527373333333,46.1094937797898,4.7172626666667,3.96050622021021,4.7172626666667,3.96050622021021,0.756756446456485,43,False,0-0-3-8
trajectory_group10,0-0-3-8-5,8,49.72,45.1528333333333,45.9375192675316,4.56716666666667,3.78248073246843,4.56716666666667,3.78248073246843,0.784685934198237,45,False,0-0-3-8
trajectory_group10,0-0-3-8-6,8,49.25,45.4638148333333,46.0425549286722,3.78618516666667,3.20744507132778,3.78618516666667,3.20744507132778,0.578740095338887,50,False,0-0-3-8
trajectory_group10,0-0-3-8-7,8,48.68,45.5993308333334,46.022390685753,3.08066916666664,2.657609314247,3.08066916666664,2.657609314247,0.423059852419641,57,False,0-0-3-8
trajectory_group10,0-0-4-10-0,3,49.14,49.5187978333333,50.2726284005588,-0.378797833333252,-1.13262840055876,0.378797833333252,1.13262840055876,-0.753830567225506,102,False,0-0-4-10
trajectory_group10,0-0-4-10-1,3,49.17,49.5715889999999,48.2312252058062,-0.401588999999909,0.93877479419379,0.401588999999909,0.93877479419379,-0.537185794193881,108,False,0-0-4-10
trajectory_group10,0-0-4-10-2,3,49.17,49.3219524999999,49.6888970485226,-0.151952499999915,-0.518897048522632,0.151952499999915,0.518897048522632,-0.366944548522717,121,False,0-0-4-10
trajectory_group10,0-0-4-10-3,3,49.13,49.1237049999999,48.2957310291178,0.0062950000000654,0.834268970882199,0.0062950000000654,0.834268970882199,-0.827973970882134,110,False,0-0-4-10
trajectory_group10,0-0-4-10-4,3,49.04,48.8976161666666,49.5570526023087,0.142383833333419,-0.517052602308688,0.142383833333419,0.517052602308688,-0.374668768975269,122,False,0-0-4-10
trajectory_group10,0-0-4-13-10,7,46.25,46.2532173333334,46.562442575491,-0.0032173333333531,-0.312442575490977,0.0032173333333531,0.312442575490977,-0.309225242157623,137,False,0-0-4-13
trajectory_group10,0-0-4-13-12,7,45.73,46.2376905,46.234017288418,-0.507690500000045,-0.504017288418048,0.507690500000045,0.504017288418048,0.0036732115819972,124,False,0-0-4-13
trajectory_group10,0-0-4-13-13,7,45.61,46.3212516666667,46.3738900123854,-0.711251666666705,-0.763890012385389,0.711251666666705,0.763890012385389,-0.0526383457186839,113,False,0-0-4-13
trajectory_group10,0-0-4-13-5,7,46.98,44.9353008333333,44.8932638982879,2.0446991666667,2.08673610171209,2.0446991666667,2.08673610171209,-0.0420369350453882,68,False,0-0-4-13
trajectory_group10,0-0-4-13-6,7,46.95,45.2668243333332,45.3930148721719,1.68317566666676,1.5569851278281,1.68317566666676,1.5569851278281,0.126190538838657,86,False,0-0-4-13
trajectory_group10,0-0-4-13-7,7,46.89,45.6236823333333,45.3597088937409,1.2663176666667,1.53029110625914,1.2663176666667,1.53029110625914,-0.263973439592441,87,False,0-0-4-13
trajectory_group10,0-0-4-13-8,7,46.75,46.0336788333333,46.1357253065435,0.716321166666667,0.614274693456508,0.716321166666667,0.614274693456508,0.102046473210159,115,False,0-0-4-13
trajectory_group10,0-0-4-13-9,7,46.53,46.2241506666667,46.6547913271097,0.305849333333306,-0.124791327109733,0.305849333333306,0.124791327109733,0.181058006223573,160,False,0-0-4-13
trajectory_group10,0-0-4-16-14,4,42.82,46.940867,47.0545378951813,-4.12086699999995,-4.23453789518128,4.12086699999995,4.23453789518128,-0.113670895181329,42,False,0-0-4-16
trajectory_group10,0-0-4-16-15,4,43.15,46.944636,46.9671154422628,-3.79463599999995,-3.81711544226284,3.79463599999995,3.81711544226284,-0.0224794422628847,44,False,0-0-4-16
trajectory_group10,0-0-4-16-16,4,43.85,46.9439776666666,46.9546646973765,-3.09397766666662,-3.1046646973765,3.09397766666662,3.1046646973765,-0.0106870307098816,51,False,0-0-4-16
trajectory_group10,0-0-4-16-17,4,44.82,46.9409108333333,46.9342314935245,-2.1209108333333,-2.11423149352453,2.1209108333333,2.11423149352453,0.0066793398087696,67,False,0-0-4-16
trajectory_group10,0-0-4-16-18,4,45.89,46.9605925,47.1274373608111,-1.07059249999995,-1.23743736081111,1.07059249999995,1.23743736081111,-0.166844860811153,98,False,0-0-4-16
trajectory_group10,0-0-4-17-0,3,47.67,46.8587373333333,47.8352507953548,0.811262666666693,-0.165250795354787,0.811262666666693,0.165250795354787,0.646011871311906,152,False,0-0-4-17
trajectory_group10,0-0-4-17-1,3,47.61,46.8253883333333,47.6851055104326,0.784611666666699,-0.0751055104326284,0.784611666666699,0.0751055104326284,0.70950615623407,163,False,0-0-4-17
trajectory_group10,0-0-4-17-2,3,47.46,46.801264,47.6263382169917,0.658736000000026,-0.166338216991655,0.658736000000026,0.166338216991655,0.492397783008371,150,False,0-0-4-17
trajectory_group10,0-0-4-17-3,3,47.28,46.4388643333333,46.9894631779407,0.841135666666702,0.290536822059345,0.841135666666702,0.290536822059345,0.550598844607357,139,False,0-0-4-17
trajectory_group10,0-0-4-2-16,10,47.15,47.4146059999999,47.5761831055809,-0.264605999999908,-0.42618310558089,0.264605999999908,0.42618310558089,-0.161577105580982,130,False,0-0-4-2
trajectory_group10,0-0-4-2-17,10,47.11,47.0939903333332,46.9266235413256,0.0160096666668181,0.183376458674445,0.0160096666668181,0.183376458674445,-0.167366792007627,148,False,0-0-4-2
trajectory_group10,0-0-4-2-18,10,47.07,47.0080471666665,47.2271984238387,0.0619528333334785,-0.157198423838743,0.0619528333334785,0.157198423838743,-0.0952455905052645,154,False,0-0-4-2
trajectory_group10,0-0-4-3-0,2,50.6,47.3849478333333,47.3763920967006,3.21505216666672,3.22360790329939,3.21505216666672,3.22360790329939,-0.0085557366326654,49,False,0-0-4-3
trajectory_group10,0-0-4-3-1,2,50.67,48.0615511666666,48.3317714743882,2.60844883333336,2.33822852561185,2.60844883333336,2.33822852561185,0.270220307721509,62,False,0-0-4-3
trajectory_group10,0-0-4-3-2,2,50.52,48.0114083333333,48.2711822308251,2.50859166666667,2.24881776917487,2.50859166666667,2.24881776917487,0.259773897491804,65,False,0-0-4-3
trajectory_group10,0-0-4-3-3,2,50.21,47.9597501666667,48.1673320530331,2.25024983333327,2.04266794696687,2.25024983333327,2.04266794696687,0.207581886366398,70,False,0-0-4-3
trajectory_group10,0-0-4-3-4,2,49.81,47.947474,48.2175977831826,1.86252600000001,1.59240221681741,1.86252600000001,1.59240221681741,0.270123783182598,85,False,0-0-4-3
trajectory_group10,0-0-4-3-5,2,49.35,48.2839023333333,48.5494430877358,1.06609766666672,0.800556912264199,1.06609766666672,0.800556912264199,0.265540754402522,112,False,0-0-4-3
trajectory_group10,0-0-4-6-10,1,47.95,47.8845891666667,48.08726245967,0.0654108333332815,-0.137262459670019,0.0654108333332815,0.137262459670019,-0.0718516263367377,156,False,0-0-4-6
trajectory_group10,0-0-4-6-11,1,47.67,47.8049958333334,48.0284453059856,-0.13499583333337,-0.358445305985597,0.13499583333337,0.358445305985597,-0.223449472652227,133,False,0-0-4-6
trajectory_group10,0-0-4-6-12,1,47.45,47.7403936666667,47.9636446185256,-0.290393666666674,-0.513644618525625,0.290393666666674,0.513644618525625,-0.223250951858951,123,False,0-0-4-6
trajectory_group10,0-0-4-6-13,1,47.28,47.6144751666667,47.8221383548455,-0.334475166666664,-0.542138354845513,0.334475166666664,0.542138354845513,-0.207663188178849,119,False,0-0-4-6
trajectory_group10,0-0-4-6-14,1,47.14,47.1019153333332,47.0655347058756,0.0380846666667622,0.07446529412438,0.0380846666667622,0.07446529412438,-0.0363806274576177,164,False,0-0-4-6
trajectory_group10,0-0-4-6-6,1,49.76,48.9434838333334,49.5945706733028,0.816516166666638,0.165429326697193,0.816516166666638,0.165429326697193,0.651086839969444,151,False,0-0-4-6
trajectory_group10,0-0-4-6-7,1,49.2,48.5789648333334,49.1802214948725,0.621035166666637,0.0197785051274835,0.621035166666637,0.0197785051274835,0.601256661539153,168,False,0-0-4-6
trajectory_group10,0-0-4-6-8,1,48.71,48.1661778333334,48.9764000359512,0.543822166666651,-0.266400035951207,0.543822166666651,0.266400035951207,0.277422130715443,143,False,0-0-4-6
trajectory_group10,0-0-4-6-9,1,48.29,48.0314178333334,48.2102791147339,0.258582166666592,0.0797208852661484,0.258582166666592,0.0797208852661484,0.178861281400444,162,False,0-0-4-6
trajectory_group10,0-0-4-9-15,5,46.82,46.8225429999998,46.8857946712859,-0.0025429999998465,-0.0657946712859001,0.0025429999998465,0.0657946712859001,-0.0632516712860536,165,False,0-0-4-9
trajectory_group10,0-0-4-9-16,5,46.8,46.7931809999998,46.8598479148268,0.0068190000001777,-0.0598479148268041,0.0068190000001777,0.0598479148268041,-0.0530289148266263,166,False,0-0-4-9
trajectory_group10,0-0-4-9-17,5,46.82,46.7784393333332,46.8236836679615,0.0415606666668467,-0.0036836679615177,0.0415606666668467,0.0036836679615177,0.0378769987053289,170,False,0-0-4-9
trajectory_group10,0-0-4-9-18,5,46.88,46.7513349999998,46.7629287865127,0.128665000000183,0.117071213487343,0.128665000000183,0.117071213487343,0.0115937865128402,161,False,0-0-4-9
trajectory_group10,0-0-5-1-10,6,47.73,48.3005723333332,45.1325299860187,-0.57057233333321,2.5974700139813,0.57057233333321,2.5974700139813,-2.02689768064809,59,False,0-0-5-1
trajectory_group10,0-0-5-1-4,6,48.71,49.5062031666666,48.2540235308865,-0.796203166666551,0.455976469113473,0.796203166666551,0.455976469113473,0.340226697553078,128,False,0-0-5-1
trajectory_group10,0-0-5-1-5,6,48.48,49.2311749999999,48.1102897058745,-0.751174999999904,0.369710294125461,0.751174999999904,0.369710294125461,0.381464705874443,132,False,0-0-5-1
trajectory_group10,0-0-5-1-6,6,48.27,48.9967793333332,44.6019548581884,-0.726779333333205,3.6680451418116,0.726779333333205,3.6680451418116,-2.94126580847839,46,False,0-0-5-1
trajectory_group10,0-0-5-1-7,6,48.08,48.5929401666666,44.6064788874116,-0.512940166666574,3.4735211125884,0.512940166666574,3.4735211125884,-2.96058094592183,48,False,0-0-5-1
trajectory_group10,0-0-5-1-8,6,47.94,48.4900186666666,45.0726247440051,-0.55001866666656,2.86737525599485,0.55001866666656,2.86737525599485,-2.31735658932829,53,False,0-0-5-1
trajectory_group10,0-0-5-1-9,6,47.82,48.4036654999999,45.2155267142138,-0.583665499999867,2.60447328578623,0.583665499999867,2.60447328578623,-2.02080778578636,58,False,0-0-5-1
trajectory_group10,0-0-5-11-12,7,47.45,47.2318388333335,48.8022757535952,0.218161166666512,-1.35227575359521,0.218161166666512,1.35227575359521,-1.1341145869287,93,False,0-0-5-11
trajectory_group10,0-0-5-11-13,7,47.36,47.2803780000001,47.5145451786236,0.0796219999998939,-0.154545178623579,0.0796219999998939,0.154545178623579,-0.0749231786236848,155,False,0-0-5-11
trajectory_group10,0-0-5-11-14,7,47.29,47.2737926666668,47.6365714206159,0.016207333333206,-0.346571420615859,0.016207333333206,0.346571420615859,-0.330364087282653,134,False,0-0-5-11
trajectory_group10,0-0-5-11-15,7,47.25,47.3535881666668,47.5720815337584,-0.103588166666782,-0.322081533758372,0.103588166666782,0.322081533758372,-0.21849336709159,136,False,0-0-5-11
trajectory_group10,0-0-5-11-16,7,47.25,47.3642096666668,47.7070869756466,-0.114209666666781,-0.457086975646583,0.114209666666781,0.457086975646583,-0.342877308979801,127,False,0-0-5-11
trajectory_group10,0-0-5-11-17,7,47.28,47.3628315000001,47.5520248329416,-0.0828315000001254,-0.272024832941582,0.0828315000001254,0.272024832941582,-0.189193332941457,142,False,0-0-5-11
trajectory_group10,0-0-5-11-18,7,47.34,47.3688785000001,49.0167443067861,-0.0288785000001042,-1.67674430678613,0.0288785000001042,1.67674430678613,-1.64786580678602,79,False,0-0-5-11
trajectory_group10,0-0-5-12-0,2,47.76,47.9046425,47.9945953283739,-0.144642499999989,-0.234595328373935,0.144642499999989,0.234595328373935,-0.0899528283739457,145,False,0-0-5-12
trajectory_group10,0-0-5-12-1,2,47.75,47.385166,47.4498412012249,0.364833999999988,0.300158798775136,0.364833999999988,0.300158798775136,0.0646752012248513,138,False,0-0-5-12
trajectory_group10,0-0-5-15-10,10,47.04,47.8036328333332,48.0769649002416,-0.763632833333176,-1.03696490024157,0.763632833333176,1.03696490024157,-0.273332066908395,106,False,0-0-5-15
trajectory_group10,0-0-5-15-2,10,46.73,48.0027011666666,48.400162352783,-1.27270116666661,-1.67016235278305,1.27270116666661,1.67016235278305,-0.397461186116445,80,False,0-0-5-15
trajectory_group10,0-0-5-15-3,10,46.64,48.0291549999999,47.902076711992,-1.38915499999995,-1.26207671199202,1.38915499999995,1.26207671199202,0.12707828800793,97,False,0-0-5-15
trajectory_group10,0-0-5-15-4,10,46.57,48.0382973333333,45.4601866883587,-1.46829733333326,1.10981331164132,1.46829733333326,1.10981331164132,0.358484021691943,104,False,0-0-5-15
trajectory_group10,0-0-5-15-5,10,46.57,47.9714046666666,46.1432729305006,-1.40140466666657,0.426727069499449,1.40140466666657,0.426727069499449,0.974677597167123,129,False,0-0-5-15
trajectory_group10,0-0-5-15-6,10,46.61,47.9210806666666,48.2659320152334,-1.31108066666656,-1.65593201523337,1.31108066666656,1.65593201523337,-0.344851348566813,81,False,0-0-5-15
trajectory_group10,0-0-5-15-9,10,46.91,47.8254686666665,48.1062208892255,-0.915468666666527,-1.19622088922547,0.915468666666527,1.19622088922547,-0.280752222558938,100,False,0-0-5-15
trajectory_group10,0-0-5-18-11,6,47.87,45.5461968333333,45.9535001745884,2.32380316666671,1.91649982541158,2.32380316666671,1.91649982541158,0.407303341255137,73,False,0-0-5-18
trajectory_group10,0-0-5-18-12,6,47.83,45.4437383333333,45.8859534646349,2.38626166666671,1.94404653536507,2.38626166666671,1.94404653536507,0.442215131301644,72,False,0-0-5-18
trajectory_group10,0-0-5-18-13,6,47.79,45.4554543333333,46.175288591297,2.33454566666671,1.614711408703,2.33454566666671,1.614711408703,0.719834257963711,84,False,0-0-5-18
trajectory_group10,0-0-5-18-14,6,47.78,45.3787373333333,46.2785616785046,2.40126266666669,1.50143832149538,2.40126266666669,1.50143832149538,0.899824345171311,89,False,0-0-5-18
trajectory_group10,0-0-5-18-15,6,47.81,45.4627013333333,47.5989849119965,2.3472986666667,0.211015088003506,2.3472986666667,0.211015088003506,2.13628357866319,147,False,0-0-5-18
trajectory_group10,0-0-5-18-16,6,47.89,46.0311155,48.166847074917,1.85888450000002,-0.276847074916958,1.85888450000002,0.276847074916958,1.58203742508306,140,False,0-0-5-18
trajectory_group10,0-0-5-18-17,6,48.02,46.024285,46.8376738996938,1.995715,1.18232610030625,1.995715,1.18232610030625,0.813388899693749,101,False,0-0-5-18
trajectory_group10,0-0-5-18-18,6,48.18,46.2319793333333,46.7624186099275,1.94802066666666,1.41758139007254,1.94802066666666,1.41758139007254,0.530439276594116,92,False,0-0-5-18
trajectory_group10,0-0-5-4-13,1,47.64,47.9989841666667,48.7513946405263,-0.35898416666668,-1.11139464052629,0.35898416666668,1.11139464052629,-0.752410473859612,103,False,0-0-5-4
trajectory_group10,0-0-5-4-14,1,47.56,47.9605898333333,47.101741902983,-0.400589833333328,0.458258097017008,0.400589833333328,0.458258097017008,-0.0576682636836807,126,False,0-0-5-4
trajectory_group10,0-0-5-4-15,1,47.51,47.8574785,47.9946223396249,-0.347478500000001,-0.484622339624877,0.347478500000001,0.484622339624877,-0.137143839624876,125,False,0-0-5-4
trajectory_group10,0-0-5-4-16,1,47.47,47.4840589999999,47.4429027034237,-0.0140589999999037,0.0270972965762937,0.0140589999999037,0.0270972965762937,-0.01303829657639,167,False,0-0-5-4
trajectory_group10,0-0-5-4-17,1,47.44,47.4126433333332,47.3055464064146,0.0273566666667904,0.134453593585384,0.0273566666667904,0.134453593585384,-0.107096926918594,159,False,0-0-5-4
trajectory_group10,0-0-5-4-18,1,47.41,47.3631649999998,47.6663663005313,0.0468350000001507,-0.256366300531276,0.0468350000001507,0.256366300531276,-0.209531300531125,144,False,0-0-5-4
trajectory_group10,0-0-5-5-0,4,52.24,49.7362875,49.9459383548979,2.5037125,2.29406164510213,2.5037125,2.29406164510213,0.209650854897873,64,False,0-0-5-5
trajectory_group10,0-0-5-5-1,4,52.21,49.8466866666667,49.8699241649259,2.36331333333332,2.34007583507409,2.36331333333332,2.34007583507409,0.0232374982592347,61,False,0-0-5-5
trajectory_group10,0-0-5-5-2,4,51.96,49.9416315,49.9369739277833,2.01836849999999,2.02302607221674,2.01836849999999,2.02302607221674,-0.0046575722167503,71,False,0-0-5-5
trajectory_group10,0-0-5-8-10,8,48.17,47.7577751666667,47.8952187575834,0.41222483333334,0.274781242416594,0.41222483333334,0.274781242416594,0.137443590916746,141,False,0-0-5-8
trajectory_group10,0-0-5-8-3,8,50.72,48.8377098333334,49.0952337503828,1.88229016666664,1.62476624961725,1.88229016666664,1.62476624961725,0.257523917049397,83,False,0-0-5-8
trajectory_group10,0-0-5-8-4,8,50.37,48.6376755,48.9063929356282,1.7323245,1.46360706437181,1.7323245,1.46360706437181,0.268717435628197,90,False,0-0-5-8
trajectory_group10,0-0-5-8-5,8,49.98,48.4458569999999,48.5393907301149,1.53414300000006,1.44060926988507,1.53414300000006,1.44060926988507,0.0935337301149843,91,False,0-0-5-8
trajectory_group10,0-0-5-8-6,8,49.56,48.25329,48.8122646207454,1.30671,0.747735379254607,1.30671,0.747735379254607,0.558974620745389,114,False,0-0-5-8
trajectory_group10,0-0-5-8-8,8,48.78,48.0272618333333,48.2095447667873,0.752738166666688,0.570455233212712,0.752738166666688,0.570455233212712,0.182282933453976,117,False,0-0-5-8
trajectory_group10,0-0-5-8-9,8,48.45,47.8664798333333,48.1258344739364,0.583520166666659,0.32416552606356,0.583520166666659,0.32416552606356,0.2593546406031,135,False,0-0-5-8
