file_key,y,C3H3_angle_deg_raw,C3H3_reversed_deg,C6H6_angle_deg,axis_angle_deg,antiparallel_deviation_deg,input_angle_diff_deg,C3H3_reversed_deg_bin,C6H6_angle_deg_bin,axis_angle_deg_bin,antiparallel_deviation_deg_bin,fold_seed123,nearest_train_axis_angle_deg,train_count_within_5deg,nearest_train_antiparallel_deviation_deg,best_gpr_pred,best_gpr_std,rf_pred,best_gpr_abs_error,rf_abs_error
0-0-2-10-0,40.74,-157.92495566313383,22.07504433686618,22.090750496172205,22.082897416519195,0.015706159305986147,179.98429384069397,"[10,30)","[10,30)","[10,30)","[0,0.25)",9,0.0,11,0.0,36.29392261431232,7.871389816591186,32.4608594214473,4.44607738568768,8.279140578552699
0-0-2-13-1,41.08,-143.02302234741325,36.97697765258677,37.033068998122246,37.00502332535451,0.056091345535470884,179.94390865446422,"[30,50)","[30,50)","[30,50)","[0,0.25)",4,0.013819826902569441,21,0.0017890212784453102,43.03079180275778,4.888081676977869,41.0201909708857,1.9507918027577844,0.059809029114298085
0-0-2-13-2,43.73,-142.95329383482115,37.04670616517884,37.14295105950698,37.09482861234291,0.09624489432811231,179.90375510567227,"[30,50)","[30,50)","[30,50)","[0,0.25)",9,0.07598546008583158,20,0.0007149404368901463,40.80639114530537,4.01787438300593,42.4821124302723,2.9236088546946277,1.2478875697276948
0-0-2-13-3,42.65,-142.71558640897246,37.28441359102753,37.42059749748249,37.35250554425502,0.13618390645494197,179.86381609354527,"[30,50)","[30,50)","[30,50)","[0,0.25)",8,0.2576769319121071,18,0.0014683625928293975,40.76230735602843,3.711953443206153,40.6494979517705,1.8876926439715689,2.0005020482294995
0-0-2-13-4,39.08,-142.3096458859454,37.690354114054585,37.866259178600714,37.77830664632765,0.17590506454610563,179.82409493545387,"[30,50)","[30,50)","[30,50)","[0,0.25)",7,0.4258011020726365,19,0.006212461241452943,31.800059412463003,3.686967050319426,39.2557455873679,7.279940587536995,0.17574558736789925
0-0-2-13-5,33.16,-141.73523155384765,38.264768446152345,38.48013930756247,38.372453876857406,0.21537086141010642,179.78462913858988,"[30,50)","[30,50)","[30,50)","[0,0.25)",8,0.0,19,0.0,31.18525130602429,3.432161995419301,34.4709234694681,1.9747486939757053,1.3109234694681007
0-0-2-13-6,25.09,-140.99225936551684,39.00774063448316,39.26223652974873,39.13498858211595,0.2544958952655317,179.74550410473452,"[30,50)","[30,50)","[30,50)","[0.25,0.5)",7,5.724998426634331e-14,24,1.0180745135812685e-13,21.673663608788026,3.531565018204849,26.3122491849918,3.416336391211974,1.2222491849917994
0-0-2-13-7,16.42,-140.08100502309654,39.918994976903456,40.21212849448708,40.06556173569527,0.2931335175836006,179.70686648241661,"[30,50)","[30,50)","[30,50)","[0.25,0.5)",6,2.2899993706537323e-13,23,6.870060076380469e-13,19.099705915944195,3.690287192173615,20.2856087283857,2.6797059159441936,3.8656087283856984
0-0-2-13-8,9.54,-139.00236616073698,40.99763383926301,41.32869731223158,41.16316557574729,0.33106347296854105,179.66893652703178,"[30,50)","[30,50)","[30,50)","[0.25,0.5)",10,0.0,25,0.0,8.204700310431875,3.6824584187041594,11.71703879598,1.3352996895681244,2.1770387959800015
0-0-2-13-9,5.23,-137.75817979701412,42.24182020298589,42.6098018136429,42.4258110083144,0.3679816106569915,179.6320183893432,"[30,50)","[30,50)","[30,50)","[0.25,0.5)",4,2.5444437451708134e-14,27,5.090372567906343e-14,11.355666274496514,4.741557507012658,28.7350044988466,6.125666274496513,23.5050044988466
0-0-2-16-11,11.68,-125.54119076105297,54.458809238947026,54.88789644562094,54.67335284228398,0.4290872066738953,179.57091279332622,"[50,70]","[50,70]","[50,70]","[0.25,0.5)",4,0.22664429813915715,20,0.00051310125801457,16.92718810417765,2.591524446022889,15.4155155166828,5.247188104177649,3.735515516682801
0-0-2-16-12,14.77,-124.91245010130635,55.08754989869365,55.54079429532981,55.31417209701173,0.45324439663613525,179.546755603364,"[50,70]","[50,70]","[50,70]","[0.25,0.5)",3,0.6408192547277481,29,0.0018432621267472915,9.988910080955918,2.06253790177648,8.57443340642862,4.781089919044081,6.19556659357138
0-0-2-16-14,4.6,-123.4951299810589,56.50487001894111,56.99613034065775,56.75050017979943,0.4912603217166073,179.5087396782833,"[50,70]","[50,70]","[50,70]","[0.25,0.5)",8,0.0,35,0.0,12.23979882217455,4.0933898538611375,14.0461019130551,7.63979882217455,9.4461019130551
0-0-2-3-0,18.83,167.0750443368661,-12.924955663133895,-12.909249503827832,-12.917102583480863,0.015706159306037037,179.98429384069397,"[-30,-10)","[-30,-10)","[-30,-10)","[0,0.25)",2,0.01658732190458539,6,5.088984789125561e-14,28.210360106340005,6.637867122274859,31.4408445586578,9.380360106340007,12.610844558657803
0-0-2-3-1,24.7,167.05267345415882,-12.947326545841232,-12.920053264929672,-12.93368990538545,0.027273280911529696,179.97272671908814,"[-30,-10)","[-30,-10)","[-30,-10)","[0,0.25)",7,0.0,7,0.0,36.54104534475951,6.57921254150342,34.3079451173323,11.841045344759511,9.607945117332303
0-0-2-6-2,43.28,-177.7782598388651,2.221740161134889,2.282555522645296,2.252147841890092,0.06081536151038176,179.93918463848925,"[-10,10)","[-10,10)","[-10,10)","[0,0.25)",10,0.37498420479318956,9,0.0006921536053345126,39.05648619490642,6.722254359111158,35.5718299201498,4.223513805093582,7.708170079850198
0-0-2-6-3,42.98,-177.41519595220367,2.584804047796338,2.6694600455702253,2.6271320466832817,0.08465599777384926,179.91534400222622,"[-10,10)","[-10,10)","[-10,10)","[0,0.25)",8,0.27689199043463475,11,0.0004975821834925925,40.32854175145269,5.87882401538526,42.3146236075093,2.651458248547307,0.6653763924906997
0-0-2-6-4,42.61,-176.84672013566572,3.1532798643342796,3.2635074881473285,3.208393676240804,0.11022762381302917,179.8897723761866,"[-10,10)","[-10,10)","[-10,10)","[0,0.25)",7,0.3043696391228873,11,0.006168369281316255,40.145912149490265,4.419676182560076,39.2228277523545,2.464087850509735,3.387172247645502
0-0-2-6-5,42.03,-176.05631191664364,3.943688083356371,4.081970172869982,4.012829128113177,0.13828208951357382,179.86171791048622,"[-10,10)","[-10,10)","[-10,10)","[0,0.25)",10,0.8044354518723729,10,0.002098183058631853,40.093782404468485,4.789959749267776,41.1177413340639,1.9362175955315166,0.9122586659361005
0-0-2-6-6,41.1,-175.02060623592553,4.97939376407446,5.149086367379126,5.064240065726794,0.1696926033046527,179.83030739669556,"[-10,10)","[-10,10)","[-10,10)","[0,0.25)",5,1.051410937613617,11,0.001538059062467928,40.68548179205524,2.95377358699203,41.937317367845,0.41451820794475935,0.8373173678449959
0-0-2-6-7,39.86,-173.70817062646012,6.291829373539884,6.497323098213416,6.3945762358766505,0.20549372467350963,179.79450627532685,"[-10,10)","[-10,10)","[-10,10)","[0,0.25)",9,1.717499527990299e-13,15,3.307909501870654e-13,39.00117786451671,3.3724661047863345,39.5036817866228,0.8588221354832868,0.35631821337720027
0-0-2-6-8,38.45,-172.07791063316844,7.922089366831545,8.169009703882235,8.04554953535689,0.2469203370506507,179.75307966294903,"[-10,10)","[-10,10)","[-10,10)","[0,0.25)",4,0.0,18,0.0,38.19648872308325,3.492757784333635,38.6349523655303,0.253511276916754,0.18495236553030026
0-0-2-6-9,37.02,-170.07712646177515,9.922873538224842,10.218308248698534,10.070590893461688,0.29543471047367165,179.70456528952624,"[-10,10)","[10,30)","[10,30)","[0.25,0.5)",5,3.0851380410196113e-13,19,5.088707233369405e-13,39.53284035661185,4.178951998369807,40.2902568657351,2.5128403566118465,3.2702568657350994
0-0-2-9-12,43.0,-146.69383452846455,33.306165471535444,33.80749118207852,33.556828326806986,0.5013257105430575,179.4986742894571,"[30,50)","[30,50)","[30,50)","[0.5,3.1]",7,0.7834414532159463,15,0.0007535850931856825,38.53022289067984,4.388816210877717,41.2614414886659,4.469777109320162,1.738558511334098
0-0-2-9-13,42.23,-143.25876025017217,36.74123974982782,37.29644655468634,37.01884315225708,0.5552068048584876,179.4447931951418,"[30,50)","[30,50)","[30,50)","[0.5,3.1]",6,0.013819826902569441,22,0.0014657735803276228,40.821860039688815,3.653263063917561,41.6457333645247,1.408139960311182,0.584266635475295
0-0-2-9-14,42.05,-139.4348523147675,40.56514768523248,41.17229237265581,40.868720028944146,0.6071446874233006,179.39285531257642,"[30,50)","[30,50)","[30,50)","[0.5,3.1]",3,0.04693449697398864,25,0.0012801417714414232,42.15700808900229,2.9777714756445195,43.7167545298291,0.1070080890022922,1.666754529829106
0-0-2-9-15,42.34,-135.23874199119413,44.76125800880586,45.415363160944906,45.08831058487539,0.654105152139017,179.34589484786105,"[30,50)","[30,50)","[30,50)","[0.5,3.1]",9,2.5444437451708134e-14,30,5.0959236830294685e-14,42.8519033176986,2.985463327670999,43.7517275313355,0.5119033176985965,1.4117275313354938
0-0-2-9-16,42.9,-130.70969443526073,49.29030556473926,49.98281654432113,49.63656105453019,0.6925109795818444,179.30748902041825,"[30,50)","[30,50)","[30,50)","[0.5,3.1]",5,2.5444437451708134e-14,23,5.084821452783217e-14,43.361476578001465,2.5197168023905685,43.5436587278537,0.46147657800146646,0.6436587278537047
0-0-2-9-17,43.48,-125.91265848653981,54.08734151346019,54.806075574829464,54.446708544144826,0.718734061369248,179.28126593863024,"[50,70]","[50,70]","[50,70]","[0.5,3.1]",2,0.0,26,0.0,42.50389584467524,2.284764339478458,43.7798665926333,0.9761041553247551,0.2998665926333004
0-0-2-9-18,43.93,-120.93730424195903,59.062695758040974,59.79250438396254,59.427600071001756,0.7298086259215428,179.27019137407865,"[50,70]","[50,70]","[50,70]","[0.5,3.1]",1,0.5412388462655923,29,0.01107456455229483,41.97639022317233,3.730692336503991,42.4582474335996,1.953609776827669,1.4717525664003972
0-0-3-1-0,46.53,157.07504433686572,-22.92495566313429,-22.909249503827777,-22.917102583481036,0.015706159306495035,179.98429384069397,"[-30,-10)","[-30,-10)","[-30,-10)","[0,0.25)",5,0.018765240035791608,13,1.0177622633555927e-13,46.64640951030774,8.001310548554336,33.6978337510269,0.11640951030774005,12.832166248973103
0-0-3-1-1,47.25,157.04489818860122,-22.955101811398787,-22.93550901104267,-22.94530541122073,0.019592800356117122,179.98040719964428,"[-30,-10)","[-30,-10)","[-30,-10)","[0,0.25)",6,0.00943758770390194,14,0.0038866410496220874,47.43210122818533,4.91744979113188,46.6710608804748,0.18210122818533137,0.5789391195252023
0-0-3-1-2,47.56,157.05229191762356,-22.947708082376423,-22.924027564657234,-22.935867823516826,0.023680517719210877,179.976319482281,"[-30,-10)","[-30,-10)","[-30,-10)","[0,0.25)",3,0.00943758770390194,15,0.0035927631923188194,47.711186336724765,4.058433879865974,51.9740397932447,0.15118633672476278,4.414039793244697
0-0-3-1-3,47.62,157.09831945624424,-22.90168054375576,-22.873551184286463,-22.887615864021114,0.028129359469297066,179.9718706405303,"[-30,-10)","[-30,-10)","[-30,-10)","[0,0.25)",9,0.029486719459920676,14,0.0008560785577673702,47.66760296449549,4.156149372798769,48.4471245730132,0.047602964495489175,0.8271245730132009
0-0-3-1-4,47.52,157.1856391081379,-22.814360891862094,-22.781233832467088,-22.79779736216459,0.033127059394997535,179.96687294060462,"[-30,-10)","[-30,-10)","[-30,-10)","[0,0.25)",4,2.5444437451708134e-14,14,7.632783294297951e-14,47.61040287633093,3.316811040584561,47.8596931136819,0.09040287633092703,0.33969311368189636
0-0-3-1-5,47.35,157.31875705510726,-22.681242944892723,-22.642333453188346,-22.661788199040537,0.03890949170439945,179.96109050829597,"[-30,-10)","[-30,-10)","[-30,-10)","[0,0.25)",5,2.2581938238390969e-13,13,6.361161597467913e-13,47.33160376305342,3.9701602537696767,47.4176192619192,0.01839623694657888,0.06761926191919798
0-0-3-1-6,47.15,157.50452822867152,-22.4954717713285,-22.44968150442344,-22.47257663787597,0.045790266905041066,179.95420973309479,"[-30,-10)","[-30,-10)","[-30,-10)","[0,0.25)",2,0.0,13,0.0,47.141371709498905,2.818394690576687,47.2880046528288,0.008628290501093261,0.1380046528288048
0-0-3-1-7,46.93,157.75298153171877,-22.247018468281226,-22.19281159162532,-22.21991502995327,0.0542068766559174,179.9457931233438,"[-30,-10)","[-30,-10)","[-30,-10)","[0,0.25)",9,0.0,14,0.0,46.85557917223912,4.018631441694425,46.6584299240878,0.07442082776088199,0.2715700759122015
0-0-3-1-8,46.71,158.07866590095367,-21.921334099046344,-21.856537116302476,-21.888935607674412,0.06479698274384448,179.93520301725587,"[-30,-10)","[-30,-10)","[-30,-10)","[0,0.25)",2,2.5444437451708134e-14,13,5.088984789125561e-14,46.40493694320739,3.8790999959979713,47.1673907613237,0.30506305679261203,0.45739076132370116
0-0-3-11-10,44.51,-143.91397930550932,36.086020694490685,36.48914126984134,36.28758098216601,0.40312057535063395,179.59687942464933,"[30,50)","[30,50)","[30,50)","[0.25,0.5)",1,0.7174423431884906,23,0.00037265036355671466,44.42940651490726,2.622788923428676,44.8690923914884,0.08059348509274145,0.359092391488403
0-0-3-11-11,43.68,-141.74233605331148,38.257663946688524,38.702078729460474,38.4798713380745,0.444414782771932,179.5555852172282,"[30,50)","[30,50)","[30,50)","[0.25,0.5)",9,0.10741746121709651,19,0.003936207354955756,44.812919039858606,2.637500635891744,43.9672841965946,1.1329190398586064,0.28728419659459803
0-0-3-11-12,43.11,-139.3266186133601,40.6733813866399,41.15792766519637,40.915654525918136,0.48454627855644616,179.51545372144372,"[30,50)","[30,50)","[30,50)","[0.25,0.5)",4,0.0,23,0.0,43.21305403623374,2.90939551310085,43.786391775706,0.10305403623374332,0.6763917757060014
0-0-3-11-13,42.95,-136.67299949777842,43.327000502221566,43.84941041793302,43.58820546007729,0.5224099157114395,179.4775900842884,"[30,50)","[30,50)","[30,50)","[0.5,3.1]",3,0.0,28,0.0,43.7301522808412,3.510746260921893,43.3897713407441,0.7801522808412003,0.43977134074409463
0-0-3-11-14,43.3,-133.79424626379648,46.205753736203526,46.76242631464236,46.484090025422944,0.5566725784388152,179.4433274215612,"[30,50)","[30,50)","[30,50)","[0.5,3.1]",7,0.0,25,0.0,43.9152310849433,3.4521016454534257,44.0579652884483,0.6152310849433036,0.7579652884483039
0-0-3-11-15,44.14,-130.7109967629272,49.289003237072784,49.87485133928765,49.58192728818022,0.5858481022148432,179.41415189778493,"[30,50)","[30,50)","[30,50)","[0.5,3.1]",10,5.724998426634331e-14,23,1.0180745135812685e-13,44.49478977311388,2.723718912055252,44.33189433401,0.35478977311387894,0.19189433401000144
0-0-3-11-16,45.38,-127.45253919193851,52.54746080806149,53.15588563725626,52.85167322265888,0.6084248291947421,179.3915751708052,"[50,70]","[50,70]","[50,70]","[0.5,3.1]",8,0.0,20,0.0,44.27731147502804,3.162259502512867,44.1420096686737,1.1026885249719598,1.2379903313263014
0-0-3-11-8,46.3,-147.52443524590024,32.47556475409975,32.79575824266748,32.63566149838361,0.3201934885677071,179.6798065114323,"[30,50)","[30,50)","[30,50)","[0.25,0.5)",3,0.48965777041994657,11,0.010869984400833976,46.117278753694514,2.8039497187336897,45.1106340749697,0.18272124630548348,1.1893659250302946
0-0-3-11-9,45.43,-145.84048681029097,34.15951318970904,34.52102637033683,34.340269780022936,0.3615131806277775,179.63848681937213,"[30,50)","[30,50)","[30,50)","[0.25,0.5)",8,0.7834414532159463,15,0.006468430029163086,44.81425800467966,2.80984667221326,45.1469552287399,0.6157419953203416,0.2830447712601014
0-0-3-14-17,39.98,-122.08199424205849,57.91800575794151,58.462368662223916,58.19018721008272,0.5443629042823691,179.45563709571724,"[50,70]","[50,70]","[50,70]","[0.5,3.1]",3,0.16665149614988095,32,0.0022605433258410246,43.83018660678885,2.556922156577667,43.2602802399845,3.850186606788853,3.2802802399845064
0-0-3-14-18,43.62,-120.27079987195904,59.72920012804096,60.275823575649206,60.002511851845085,0.5466234476082101,179.45337655239138,"[50,70]","[50,70]","[50,70]","[0.5,3.1]",9,0.08116066644480396,31,0.0022605433258410246,40.266573284280135,2.680682599602447,42.4394153904088,3.3534267157198627,1.1805846095912003
0-0-3-15-3,45.86,-133.0042009148267,46.9957990851733,47.13920076025019,47.06749992271175,0.14340167507685733,179.8565983249233,"[30,50)","[30,50)","[30,50)","[0,0.25)",6,0.0,26,0.0,46.676698856138366,4.131030215023935,37.7768636595749,0.8166988561383661,8.0831363404251
0-0-3-15-4,45.28,-132.81020914782448,47.189790852175506,47.37441195965748,47.28210140591649,0.18462110748195126,179.81537889251777,"[30,50)","[30,50)","[30,50)","[0,0.25)",8,8.905553108097847e-14,24,1.7810752872549074e-13,44.53723963786615,2.4699368376118707,45.3981191838289,0.7427603621338505,0.11811918382890241
0-0-3-15-5,44.18,-132.50698232988728,47.493017670112714,47.7178472113626,47.60543244073766,0.224829541249872,179.77517045874987,"[30,50)","[30,50)","[30,50)","[0,0.25)",7,0.0,24,0.0,45.10297631826722,3.270227822528871,45.1739440559811,0.9229763182672173,0.9939440559811032
0-0-3-15-6,42.31,-132.09589634423205,47.90410365576795,48.167907828220386,48.03600574199417,0.26380417245241,179.73619582754762,"[30,50)","[30,50)","[30,50)","[0.25,0.5)",5,0.0,24,0.0,41.37162403530172,3.146962608894347,44.5384719352413,0.938375964698281,2.228471935241295
0-0-3-18-10,17.54,-119.64158116537168,60.358418834628324,60.760904938844476,60.5596618867364,0.40248610421612435,179.59751389578406,"[50,70]","[50,70]","[50,70]","[0.25,0.5)",6,0.10419094518079985,30,0.00028686681950407245,15.005908735943002,2.9880416168902566,18.2684542584591,2.534091264056997,0.7284542584591023
0-0-3-18-11,11.15,-119.75881611115236,60.241183888847644,60.669757994263556,60.4554709415556,0.42857410541588076,179.5714258945843,"[50,70]","[50,70]","[50,70]","[0.25,0.5)",4,0.0,30,0.0,16.14992175812303,1.7520383213962445,10.0395216653224,4.999921758123028,1.1104783346776
0-0-3-18-12,6.73,-119.86180095033421,60.138199049665786,60.589600184175204,60.3638996169205,0.45140113450938796,179.54859886549022,"[50,70]","[50,70]","[50,70]","[0.25,0.5)",7,0.0,31,0.0,14.70074338768569,3.006411415960505,3.68565652881908,7.97074338768569,3.0443434711809205
0-0-3-18-13,3.9,-119.94975595614503,60.05024404385497,60.5210397579678,60.28564190091138,0.4707957141128031,179.52920428588737,"[50,70]","[50,70]","[50,70]","[0.25,0.5)",6,0.0,31,0.0,14.105623128455075,2.9788945543233205,-0.149967074098019,10.205623128455075,4.049967074098019
0-0-3-18-14,1.89,-120.02201554266425,59.97798445733575,60.464596833801224,60.22129064556849,0.4866123764654469,179.51338762353473,"[50,70]","[50,70]","[50,70]","[0.25,0.5)",1,0.0,26,0.0,14.63823894293543,2.553387641064346,3.76248699655472,12.74823894293543,1.8724869965547202
0-0-3-18-7,39.07,-119.21376085579755,60.786239144202455,61.09297495302476,60.93960704861361,0.3067358088222784,179.69326419117735,"[50,70]","[50,70]","[50,70]","[0.25,0.5)",2,0.2639246544714425,31,0.011301098348097893,26.863139934063454,2.289457802585104,25.2027533406897,12.206860065936546,13.8672466593103
0-0-3-18-9,25.3,-119.51098434317406,60.48901565682594,60.86234913145839,60.675682394142164,0.37333347463242034,179.6266665253678,"[50,70]","[50,70]","[50,70]","[0.25,0.5)",1,0.11602050740576388,25,0.0025369663273210885,21.05121425330997,2.5319067729589304,22.0408409864142,4.248785746690032,3.2591590135858013
0-0-3-4-10,46.18,-179.8268143611763,0.17318563882368293,0.4559270226030483,0.3145563307133656,0.28274138377934727,179.71725861622073,"[-10,10)","[-10,10)","[-10,10)","[0.25,0.5)",1,1.9375915111767268,10,0.00426906200856203,46.14006248509594,3.6542045972127055,45.6286269209698,0.039937514904060833,0.5513730790301992
0-0-3-4-11,45.82,-177.2714964736529,2.7285035263471107,3.0795445478887227,2.9040240371179165,0.35104102154158934,179.64895897845796,"[-10,10)","[-10,10)","[-10,10)","[0.25,0.5)",1,0.27689199043463475,10,0.0016749955734640665,45.70821140637083,3.0666483123442863,45.5690539222703,0.11178859362917137,0.2509460777297008
0-0-3-4-12,45.51,-174.02516284640245,5.974837153597536,6.415315729014537,6.195076441306036,0.44047857541697627,179.55952142458287,"[-10,10)","[-10,10)","[-10,10)","[0.25,0.5)",10,0.1994997945706138,13,0.003936207354955756,45.61644039228135,2.603621889205411,45.0723593566848,0.10644039228134972,0.4376406433151985
0-0-3-4-13,45.24,-169.86292841323282,10.137071586767178,10.695954226498491,10.416512906632837,0.5588826397312955,179.44111736026844,"[10,30)","[10,30)","[10,30)","[0.5,3.1]",4,1.987846675914698e-13,20,4.071187831300449e-13,45.19330630366509,3.3066388123389268,45.2647010533828,0.046693696334912715,0.024701053382798932
0-0-3-4-14,45.02,-164.47772673494254,15.52227326505746,16.237713075462953,15.879993170260205,0.7154398104054721,179.28456018959432,"[10,30)","[10,30)","[10,30)","[0.5,3.1]",8,0.0,18,0.0,45.07074949365904,2.849093878080195,44.9180457114492,0.05074949365903336,0.10195428855080024
0-0-3-4-15,44.83,-157.4756539890755,22.5243460109245,23.441251715366782,22.98279886314564,0.9169057044422477,179.08309429555788,"[10,30)","[10,30)","[10,30)","[0.5,3.1]",3,2.8624992133171654e-14,13,7.638334409421077e-14,44.89126915322423,2.945694230987828,44.9182590202327,0.06126915322423088,0.08825902023270515
0-0-3-4-16,44.69,-148.43193064636134,31.568069353638666,32.723938102288656,32.14600372796367,1.1558687486499546,178.84413125134978,"[30,50)","[30,50)","[30,50)","[0.5,3.1]",4,0.0,11,0.0,44.69092281666612,3.089765131265152,44.7406188970449,0.0009228166661188197,0.05061889704489886
0-0-3-4-17,44.58,-137.10119784788975,42.89880215211025,44.28712996065079,43.59296605638052,1.3883278085405004,178.61167219145926,"[30,50)","[30,50)","[30,50)","[0.5,3.1]",2,5.724998426634331e-14,26,1.2723155862204294e-13,44.67154635013221,2.4293062015671696,44.5426744579107,0.09154635013221224,0.037325542089298835
0-0-3-4-9,46.59,178.14738731678702,-1.8526126832129646,-1.622901054923534,-1.7377568690682492,0.22971162828943142,179.77028837171085,"[-10,10)","[-10,10)","[-10,10)","[0,0.25)",5,1.0321569971578848,8,0.0048820870395594185,44.57997872116611,15.152388787138335,45.4471846401507,2.0100212788338965,1.1428153598493012
0-0-3-7-18,44.66,-121.56474241255617,58.43525758744382,59.33746486202849,58.88636122473616,0.902207274584633,179.09779272541553,"[50,70]","[50,70]","[50,70]","[0.5,3.1]",6,0.3221600826328303,33,0.014698429857614714,45.63753264493831,5.836128329468653,44.1806312188336,0.9775326449383144,0.4793687811664
0-0-3-8-0,49.99,-167.92495566313423,12.075044336865785,12.090750496172202,12.082897416518993,0.01570615930639326,179.98429384069397,"[10,30)","[10,30)","[10,30)","[0,0.25)",3,0.01731348070217468,20,1.0177622633555927e-13,49.06465696694302,7.034474117763965,43.2342814571033,0.9253430330569827,6.755718542896702
0-0-3-8-1,50.26,-167.95661213249372,12.043387867506286,12.08778000412735,12.065583935816818,0.044392136621042064,179.9556078633789,"[10,30)","[10,30)","[10,30)","[0,0.25)",10,0.01731348070217468,22,0.0013981302839990023,50.2510536865703,4.513289990374412,52.0851245200005,0.008946313429696318,1.8251245200005002
0-0-3-8-2,50.33,-167.77274481791895,12.227255182081045,12.300670800439235,12.26396299126014,0.07341561835816174,179.9265843816415,"[10,30)","[10,30)","[10,30)","[0,0.25)",1,0.18106557474114765,20,0.005115855461906529,48.23832980074901,3.500694174639246,50.7280048434433,2.0916701992509914,0.398004843443303
0-0-3-8-3,50.27,-167.3693262242293,12.630673775770713,12.734007015117573,12.682340395444143,0.10333323934683347,179.8966667606532,"[10,30)","[10,30)","[10,30)","[0,0.25)",6,3.021526947390341e-14,20,5.088984789125561e-14,50.79646907341311,3.57284753394778,50.5926363390203,0.5264690734131037,0.3226363390202991
0-0-3-8-4,50.07,-166.73806346940864,13.261936530591363,13.396652074453437,13.3292943025224,0.13471554386203624,179.86528445613823,"[10,30)","[10,30)","[10,30)","[0,0.25)",1,2.8624992133171654e-14,18,7.632783294297951e-14,49.61114393623339,3.2095750373408816,50.329319213287,0.4588560637666106,0.25931921328700014
0-0-3-8-5,49.72,-165.8662226878608,14.133777312139188,14.301931856381387,14.217854584260287,0.16815454424218476,179.831845455758,"[10,30)","[10,30)","[10,30)","[0,0.25)",6,0.0,19,0.0,49.002766932713016,3.6316353179950247,50.2010245859313,0.7172330672869833,0.4810245859313014
0-0-3-8-6,49.25,-164.73640200712293,15.263597992877079,15.467863460918554,15.365730726897816,0.2042654680414522,179.7957345319584,"[10,30)","[10,30)","[10,30)","[0,0.25)",7,8.587497639951495e-14,19,1.7810752872549074e-13,48.87455390712236,3.4256279672128414,49.3122978393939,0.3754460928776382,0.062297839393899324
0-0-3-8-7,48.68,-163.32630454058713,16.673695459412865,16.91737356918288,16.795534514297874,0.2436781097699994,179.75632189022997,"[10,30)","[10,30)","[10,30)","[0,0.25)",2,0.9155413440376695,18,0.003242227280651294,48.64663291284444,2.9944230769582942,46.5586190905471,0.03336708715556114,2.1213809094529026
0-0-4-10-0,49.14,-157.92495566313383,22.07504433686618,22.090750496172205,22.082897416519195,0.015706159305986147,179.98429384069397,"[10,30)","[10,30)","[10,30)","[0,0.25)",7,0.0,10,0.0,51.16805971718067,4.289953771455749,49.5203499846472,2.0280597171806676,0.3803499846471965
0-0-4-10-1,49.17,-157.9765330365653,22.023466963434686,22.073332914274083,22.04839993885438,0.049865950839363564,179.95013404916014,"[10,30)","[10,30)","[10,30)","[0,0.25)",2,0.034497477664814334,12,0.0021054756672221203,48.74821795600712,2.192306334502467,49.5598763428906,0.4217820439928843,0.38987634289059514
0-0-4-10-2,49.17,-157.81275156126924,22.18724843873075,22.271406854321143,22.22932764652595,0.08415841559035667,179.91584158440966,"[10,30)","[10,30)","[10,30)","[0,0.25)",10,0.14643023000675406,12,0.0004975821834925925,48.94436922308934,2.798011704490868,49.510596903704,0.2256307769106627,0.34059690370399665
0-0-4-10-3,49.13,-157.43143068700067,22.56856931299934,22.687530914484007,22.628050113741676,0.11896160148465092,179.88103839851533,"[10,30)","[10,30)","[10,30)","[0,0.25)",7,0.3547487494039631,11,0.014902346952938003,48.62433157190369,3.471641048892845,48.9451161715129,0.505668428096314,0.18488382848710216
0-0-4-10-4,49.04,-156.82798336136824,23.17201663863176,23.32665401831303,23.249335328472398,0.1546373796812395,179.8453626203188,"[10,30)","[10,30)","[10,30)","[0,0.25)",8,0.17278678569608752,13,0.011235704604382168,49.77802208221444,4.012492505860564,49.0888624632053,0.7380220822144423,0.048862463205303186
0-0-4-13-10,46.25,-136.35158621746243,43.64841378253758,44.05190700825181,43.850160395394695,0.40349322571419066,179.59650677428593,"[30,50)","[30,50)","[30,50)","[0.25,0.5)",9,0.257194339014123,27,0.00037265036355671466,46.13500438859935,2.442239279306306,46.3594847679742,0.1149956114006514,0.1094847679742017
0-0-4-13-12,45.73,-133.0726265179337,46.927373482066294,47.395640317835436,47.161506899950865,0.46826683576912137,179.53173316423107,"[30,50)","[30,50)","[30,50)","[0.25,0.5)",8,0.09400697723911633,24,0.0025288783436817064,46.61612581884536,2.810964762087784,46.0347314353183,0.8861258188453647,0.3047314353183026
0-0-4-13-13,45.61,-131.21659951866152,48.78340048133848,49.27971884900777,49.031559665173134,0.4963183676692613,179.50368163233068,"[30,50)","[30,50)","[30,50)","[0.25,0.5)",3,0.5503676230070812,23,0.002414246183408686,45.33842780697525,2.603058351004695,46.0224944037452,0.27157219302475255,0.41249440374519963
0-0-4-13-5,46.98,-141.73523155384765,38.264768446152345,38.48013930756247,38.372453876857406,0.21537086141010642,179.78462913858988,"[30,50)","[30,50)","[30,50)","[0,0.25)",5,0.0,21,0.0,46.76032037494354,3.2584381844415264,46.7353302108753,0.21967962505645744,0.24466978912469983
0-0-4-13-6,46.95,-140.99225936551684,39.00774063448316,39.26223652974862,39.134988582115895,0.2544958952654299,179.74550410473452,"[30,50)","[30,50)","[30,50)","[0.25,0.5)",9,5.724998426634331e-14,22,1.0180745135812685e-13,46.78982349007101,2.484058387650596,46.4712905522829,0.1601765099289949,0.478709447717101
0-0-4-13-7,46.89,-140.08100502309597,39.91899497690404,40.21212849448697,40.065561735695496,0.2931335175829136,179.70686648241661,"[30,50)","[30,50)","[30,50)","[0.25,0.5)",4,2.2899993706537323e-13,21,6.870060076380469e-13,46.88185979072409,2.0912631103972954,46.7703559419974,0.00814020927590775,0.11964405800259925
0-0-4-13-8,46.75,-139.00236616073698,40.99763383926301,41.32869731223158,41.16316557574729,0.33106347296854105,179.66893652703178,"[30,50)","[30,50)","[30,50)","[0.25,0.5)",1,0.0,25,0.0,46.987482261645816,2.759255876458897,46.8266311858828,0.2374822616458161,0.07663118588280327
0-0-4-13-9,46.53,-137.75817979701412,42.24182020298589,42.60980181364285,42.42581100831437,0.36798161065694057,179.6320183893432,"[30,50)","[30,50)","[30,50)","[0.25,0.5)",2,2.5444437451708134e-14,26,5.090372567906343e-14,46.47518005847059,2.029994703893508,46.6430142971757,0.05481994152940928,0.11301429717569533
0-0-4-16-14,42.82,-123.4951299810589,56.50487001894111,56.99613034065775,56.75050017979943,0.4912603217166073,179.5087396782833,"[50,70]","[50,70]","[50,70]","[0.25,0.5)",7,0.0,38,0.0,44.90131691863109,3.519181892073082,44.1631838060402,2.0813169186310887,1.3431838060402015
0-0-4-16-15,43.15,-122.71698272844615,57.283017271553845,57.78771221066355,57.5353647411087,0.5046949391096894,179.4953050608905,"[50,70]","[50,70]","[50,70]","[0.5,3.1]",1,0.45246732458968913,31,0.002370700775946033,44.22149972565988,2.6094057578165537,43.2798820656193,1.0714997256598835,0.12988206561929871
0-0-4-16-16,43.85,-121.90025046129131,58.099749538708686,58.613927873756495,58.3568387062326,0.5141783350477979,179.4858216649524,"[50,70]","[50,70]","[50,70]","[0.5,3.1]",5,0.16665149614988095,35,0.0020295395857147236,44.63550994118994,2.181943483631905,43.7233254707887,0.785509941189936,0.12667452921130007
0-0-4-16-17,44.82,-121.05126780883887,58.94873219116113,59.468310423576874,59.20852130736899,0.519578232415704,179.48042176758392,"[50,70]","[50,70]","[50,70]","[0.5,3.1]",1,0.3221600826328303,29,0.00122627265118036,44.86187577343442,2.698406228499131,44.7097824751967,0.04187577343441973,0.11021752480330349
0-0-4-16-18,45.89,-120.17672973424357,59.823270265756435,60.34407477082335,60.08367251828989,0.5208045050668844,179.47919549493332,"[50,70]","[50,70]","[50,70]","[0.5,3.1]",3,0.027375943858964812,29,0.00122627265118036,43.38968125894735,1.9142741703348367,44.7816264739795,2.500318741052652,1.1083735260205003
0-0-4-17-0,47.67,-122.92495566313411,57.075044336865886,57.09075049617213,57.08289741651901,0.015706159306215148,179.98429384069397,"[50,70]","[50,70]","[50,70]","[0,0.25)",3,0.15498589928261394,35,2.5441454498675853e-14,48.12532035422164,1.8645580447948296,48.4600391899053,0.45532035422164086,0.7900391899053005
0-0-4-17-1,47.61,-123.10215008671615,56.89784991328385,56.95797312118893,56.927911517236396,0.06012320790504725,179.939876792095,"[50,70]","[50,70]","[50,70]","[0,0.25)",4,0.002509657852569248,35,0.0006921536053345126,47.673728442412575,2.0693482520060003,47.9214877049389,0.06372844241257525,0.311487704938898
0-0-4-17-2,47.46,-123.23981198839256,56.76018801160743,56.86424726613919,56.81221763887331,0.10405925453171291,179.89594074546864,"[50,70]","[50,70]","[50,70]","[0,0.25)",1,0.061717459073875464,32,0.0007260151848285518,47.56434524254687,2.598048141090452,47.924992622506,0.10434524254687005,0.4649926225059957
0-0-4-17-3,47.28,-123.33693897707583,56.66306102292417,56.81025801833111,56.73665952062765,0.14719699540692419,179.8528030045931,"[50,70]","[50,70]","[50,70]","[0,0.25)",8,0.013840659171782154,35,0.0037953203300668537,46.35854614155481,2.7380235846331566,47.6937591408566,0.9214538584451901,0.41375914085659815
0-0-4-2-16,47.15,-168.7722773919812,11.227722608018816,12.525455365702896,11.876588986860858,1.297732757684061,178.7022672423159,"[10,30)","[10,30)","[10,30)","[0.5,3.1]",3,0.18899494895595978,20,0.09059505085643949,47.123122791751975,5.547874353141858,47.9148313188366,0.026877208248023976,0.7648313188365989
0-0-4-2-17,47.11,-153.62132603661772,26.378673963382287,28.51089451981658,27.444784241599436,2.13222055643427,177.86777944356575,"[10,30)","[10,30)","[10,30)","[0.5,3.1]",2,1.2441857770654912,11,0.6090815220979158,47.19112369821011,3.0946921496525253,47.1051526625751,0.08112369821011356,0.004847337424898512
0-0-4-2-18,47.07,-129.3594454209254,50.64055457907462,53.65301219046298,52.146783384768796,3.0124576113883434,176.9875423886115,"[50,70]","[50,70]","[50,70]","[0.5,3.1]",4,0.7048898378900904,25,0.8802370549540735,46.08361521141502,9.18670232422613,46.9410537977477,0.9863847885849779,0.12894620225230113
0-0-4-3-0,50.6,167.0750443368661,-12.924955663133895,-12.909249503827832,-12.917102583480863,0.015706159306037037,179.98429384069397,"[-30,-10)","[-30,-10)","[-30,-10)","[0,0.25)",2,0.01658732190458539,6,5.088984789125561e-14,50.51963126687774,4.402987128469536,47.2412233665572,0.08036873312226334,3.358776633442801
0-0-4-3-1,50.67,167.05267345415882,-12.947326545841232,-12.920053264929672,-12.93368990538545,0.027273280911529696,179.97272671908814,"[-30,-10)","[-30,-10)","[-30,-10)","[0,0.25)",10,0.0,7,0.0,50.77841582321877,3.293563550114666,50.4939894950697,0.10841582321877041,0.17601050493030357
0-0-4-3-2,50.52,167.1397309056697,-12.860269094330313,-12.8210520154258,-12.840660554878056,0.03921707890450395,179.9607829210952,"[-30,-10)","[-30,-10)","[-30,-10)","[0,0.25)",9,0.07644202860280681,6,0.00030758720010450047,50.48510182365156,4.279653371635591,50.3477575592668,0.03489817634844172,0.17224244073319994
0-0-4-3-3,50.21,167.3400852184198,-12.6599147815802,-12.607943355073608,-12.633929068326905,0.051971426506585684,179.9480285734937,"[-30,-10)","[-30,-10)","[-30,-10)","[0,0.25)",9,0.2831735151539587,6,0.001952435348557463,50.07443822215764,4.725413369991966,50.2497280995683,0.13556177784236212,0.03972809956830048
0-0-4-3-4,49.81,167.66185761369667,-12.338142386303344,-12.272109534926244,-12.305125960614793,0.06603285137709096,179.93396714862274,"[-30,-10)","[-30,-10)","[-30,-10)","[0,0.25)",6,0.3288031077121113,7,0.001235868633246484,49.6609696042126,3.884421669938586,49.9392697365776,0.14903039578739907,0.12926973657759788
0-0-4-3-5,49.35,168.11815463332664,-11.881845366673407,-11.79983760706413,-11.840841486868769,0.08200775960924585,179.91799224039033,"[-30,-10)","[-30,-10)","[-30,-10)","[0,0.25)",3,0.4642844737460252,7,0.002150655981110819,49.50999251353345,5.357101167119108,49.7881001725449,0.1599925135334459,0.43810017254489964
0-0-4-6-10,47.95,-167.63937436151076,12.360625638489225,12.713341655604298,12.536983647046762,0.3527160171150534,179.64728398288526,"[10,30)","[10,30)","[10,30)","[0.25,0.5)",3,0.14535674839738105,20,0.0016749955734640665,48.09131344842352,2.692351679048074,47.9666757690631,0.14131344842351723,0.016675769063098755
0-0-4-6-11,47.67,-164.68258560926293,15.317414390737063,15.737972545790253,15.527693468263655,0.42055815505317773,179.5794418449467,"[10,30)","[10,30)","[10,30)","[0.25,0.5)",5,0.16196274136584018,18,0.008015950362703028,47.71450350698584,2.5364261219758144,47.8411581903127,0.0445035069858406,0.17115819031269552
0-0-4-6-12,47.45,-161.10851347212426,18.89148652787574,19.392058653325638,19.141772590600688,0.5005721254498718,179.49942787454975,"[10,30)","[10,30)","[10,30)","[0.5,3.1]",6,0.6068721397078821,19,0.0007535850931856825,47.616081942598136,3.3080651873760205,47.6698962983621,0.16608194259813303,0.21989629836209446
0-0-4-6-13,47.28,-156.80571782589888,23.19428217410111,23.78780159838173,23.491041886241423,0.593519424280585,179.40648057571966,"[10,30)","[10,30)","[10,30)","[0.5,3.1]",5,0.2417065577690247,13,0.007671322065640029,47.32744526897197,2.99132019046658,47.363607694796,0.04744526897196977,0.08360769479600094
0-0-4-6-14,47.14,-151.66005782766942,28.339942172330588,29.037997864999262,28.68897001866493,0.6980556926686547,179.3019443073316,"[10,30)","[10,30)","[10,30)","[0.5,3.1]",1,1.2441857770654912,7,0.005544713086810371,47.177474721157495,3.84256864861588,46.990761883347,0.03747472115749417,0.14923811665300235
0-0-4-6-6,49.76,-175.02060623592553,4.97939376407446,5.149086367379126,5.064240065726794,0.1696926033046527,179.83030739669556,"[-10,10)","[-10,10)","[-10,10)","[0,0.25)",5,1.051410937613617,11,0.001538059062467928,49.55725144524192,3.3839025001772134,49.4399808048197,0.20274855475808096,0.32001919518030064
0-0-4-6-7,49.2,-173.70817062646012,6.291829373539884,6.497323098213759,6.394576235876822,0.20549372467384042,179.79450627532628,"[-10,10)","[-10,10)","[-10,10)","[0,0.25)",7,1.717499527990299e-13,13,3.307909501870654e-13,49.34572702691446,3.4889643695212142,49.4716876741372,0.14572702691445727,0.27168767413719763
0-0-4-6-8,48.71,-172.07791063316844,7.922089366831545,8.169009703882235,8.04554953535689,0.2469203370506507,179.75307966294903,"[-10,10)","[-10,10)","[-10,10)","[0,0.25)",7,0.0,16,0.0,48.96734161466457,3.466145032559357,49.0790273870603,0.2573416146645684,0.36902738706029936
0-0-4-6-9,48.29,-170.07712646177572,9.922873538224282,10.218308248698477,10.070590893461379,0.2954347104741805,179.70456528952624,"[-10,10)","[10,30)","[10,30)","[0.25,0.5)",1,3.0851380410196113e-13,17,5.088707233369405e-13,48.20647214970518,2.8809135648712347,48.5003918300218,0.08352785029482135,0.2103918300217984
0-0-4-9-15,46.82,-135.23874199119413,44.76125800880586,45.41536316094485,45.08831058487536,0.654105152138966,179.34589484786105,"[30,50)","[30,50)","[30,50)","[0.5,3.1]",8,2.5444437451708134e-14,27,5.0959236830294685e-14,47.11290005264017,2.780238269677491,46.8954053366848,0.2929000526401708,0.07540533668480265
0-0-4-9-16,46.8,-130.70969443526073,49.29030556473926,49.982816544321075,49.63656105453016,0.6925109795817935,179.30748902041825,"[30,50)","[30,50)","[30,50)","[0.5,3.1]",2,2.5444437451708134e-14,22,5.084821452783217e-14,47.00942909663863,2.0226769296172784,46.7718696747275,0.20942909663862963,0.02813032527249959
0-0-4-9-17,46.82,-125.91265848653981,54.08734151346019,54.806075574829464,54.446708544144826,0.718734061369248,179.28126593863024,"[50,70]","[50,70]","[50,70]","[0.5,3.1]",6,0.0,26,0.0,46.97898654976744,3.31882672506495,46.7646695261394,0.15898654976744098,0.05533047386060019
0-0-4-9-18,46.88,-120.93730424195903,59.062695758040974,59.79250438396254,59.427600071001756,0.7298086259215428,179.27019137407865,"[50,70]","[50,70]","[50,70]","[0.5,3.1]",1,0.5412388462655923,29,0.01107456455229483,46.58449565000767,3.1797552501744275,46.6637120321878,0.2955043499923349,0.2162879678121996
0-0-5-1-10,47.73,159.05752674545386,-20.94247325454617,-20.845513419781156,-20.89399333716366,0.09695983476500246,179.90304016523532,"[-30,-10)","[-30,-10)","[-30,-10)","[0,0.25)",10,0.5638568863927685,13,0.0007149404368901463,47.56094246636973,6.6358068962944685,47.0748141010577,0.16905753363026577,0.6551858989422996
0-0-5-1-4,48.71,157.1856391081379,-22.814360891862094,-22.781233832467148,-22.797797362164616,0.03312705939492121,179.96687294060462,"[-30,-10)","[-30,-10)","[-30,-10)","[0,0.25)",6,2.5444437451708134e-14,14,7.632783294297951e-14,48.835763799466505,6.089860645364595,49.7833265677967,0.12576379946650462,1.0733265677966983
0-0-5-1-5,48.48,157.31875705510782,-22.681242944892215,-22.642333453188403,-22.66178819904031,0.03890949170376334,179.96109050829597,"[-30,-10)","[-30,-10)","[-30,-10)","[0,0.25)",2,2.2581938238390969e-13,13,6.361161597467913e-13,48.5790358795578,2.8687197852642434,48.5131366796195,0.09903587955780324,0.03313667961950273
0-0-5-1-6,48.27,157.50452822867152,-22.4954717713285,-22.44968150442344,-22.47257663787597,0.045790266905041066,179.95420973309479,"[-30,-10)","[-30,-10)","[-30,-10)","[0,0.25)",10,0.0,13,0.0,48.43702863043072,3.992647290191585,47.216340857101,0.16702863043071403,1.0536591428990008
0-0-5-1-7,48.08,157.75298153171877,-22.247018468281226,-22.19281159162532,-22.21991502995327,0.0542068766559174,179.9457931233438,"[-30,-10)","[-30,-10)","[-30,-10)","[0,0.25)",5,0.0,13,0.0,48.24495673676438,3.603535275418755,47.463045725416,0.16495673676438116,0.6169542745839962
0-0-5-1-8,47.94,158.07866590095367,-21.921334099046344,-21.856537116302533,-21.88893560767444,0.06479698274379359,179.93520301725644,"[-30,-10)","[-30,-10)","[-30,-10)","[0,0.25)",10,2.5444437451708134e-14,13,5.088984789125561e-14,48.08493179401528,3.036523149061595,47.6678113652903,0.14493179401528522,0.2721886347096998
0-0-5-1-9,47.82,158.5028840395335,-21.497115960466466,-21.418584486646395,-21.457850223556427,0.07853147382006827,179.92146852617998,"[-30,-10)","[-30,-10)","[-30,-10)","[0,0.25)",4,0.43108538411798525,14,0.00347628578917758,47.94384246400492,3.085590693849063,47.8841304018409,0.12384246400492316,0.0641304018408988
0-0-5-11-12,47.45,-139.3266186133601,40.6733813866399,41.15792766519637,40.915654525918136,0.48454627855644616,179.51545372144372,"[30,50)","[30,50)","[30,50)","[0.25,0.5)",10,0.0,25,0.0,47.69699561504206,3.556207527546209,47.548192040623,0.24699561504206002,0.09819204062299747
0-0-5-11-13,47.36,-136.67299949777842,43.327000502221566,43.84941041793302,43.58820546007729,0.5224099157114395,179.4775900842884,"[30,50)","[30,50)","[30,50)","[0.5,3.1]",5,0.0,26,0.0,47.44048772850472,2.536696525353311,47.3193625131023,0.08048772850472119,0.04063748689770108
0-0-5-11-14,47.29,-133.79424626379648,46.205753736203526,46.76242631464236,46.484090025422944,0.5566725784388152,179.4433274215612,"[30,50)","[30,50)","[30,50)","[0.5,3.1]",2,0.0,23,0.0,47.42583299382446,2.09646851193434,47.2232398746616,0.13583299382445801,0.06676012533839781
0-0-5-11-15,47.25,-130.7109967629272,49.289003237072784,49.874851339287765,49.581927288180275,0.585848102214945,179.41415189778493,"[30,50)","[30,50)","[30,50)","[0.5,3.1]",8,5.724998426634331e-14,20,1.0180745135812685e-13,47.44203127633239,2.615367002792942,45.9828101492774,0.19203127633239347,1.2671898507226018
0-0-5-11-16,47.25,-127.45253919193851,52.54746080806149,53.15588563725626,52.85167322265888,0.6084248291947421,179.3915751708052,"[50,70]","[50,70]","[50,70]","[0.5,3.1]",10,0.0,23,0.0,47.42647321077058,2.8372648541588235,47.4853440701242,0.1764732107705811,0.23534407012419933
0-0-5-11-17,47.28,-124.05679746486967,55.94320253513033,56.56623961991852,56.25472107752443,0.6230370847881536,179.3769629152117,"[50,70]","[50,70]","[50,70]","[0.5,3.1]",5,0.481938443103218,38,0.005616726336522548,47.23991190522352,2.699950813370467,47.3486423259231,0.04008809477647901,0.0686423259231006
0-0-5-11-18,47.34,-120.56929911548328,59.430700884516725,60.05935469564144,59.745027790079085,0.6286538111246761,179.3713461888755,"[50,70]","[50,70]","[50,70]","[0.5,3.1]",1,0.257484061766,26,0.005616726336522548,47.16232998817856,3.053870825625059,49.4158883692097,0.1776700118214407,2.0758883692097
0-0-5-12-0,47.76,-147.92495566313397,32.075044336866014,32.090750496172205,32.08289741651911,0.015706159306164258,179.98429384069397,"[30,50)","[30,50)","[30,50)","[0,0.25)",10,0.06136988526484212,11,5.088984789125561e-14,47.43953253655452,3.8634651140007934,48.3141035836767,0.3204674634454747,0.5541035836766994
0-0-5-12-1,47.75,-148.00562363087425,31.994376369125757,32.0486786933828,32.02152753125427,0.054302324257025573,179.94569767574285,"[30,50)","[30,50)","[30,50)","[0,0.25)",6,0.06136988526484212,10,9.544760110817563e-05,47.75140226923592,4.053327401198044,47.6158779381134,0.0014022692359176858,0.13412206188660036
0-0-5-15-10,47.04,-129.42210257924611,50.577897420753885,50.98009665815054,50.778997039452214,0.4021992373966203,179.59780076260327,"[50,70]","[50,70]","[50,70]","[0.25,0.5)",4,0.8319316038528677,23,0.00028686681950407245,46.9142013415879,3.353245808451977,46.8843209140706,0.12579865841210136,0.15567908592939972
0-0-5-15-2,46.73,-133.08812232816268,46.91187767183732,47.01325637917916,46.962567025508235,0.101378707341822,179.89862129265862,"[30,50)","[30,50)","[30,50)","[0,0.25)",10,0.10493289720351424,26,0.0019545320050114723,46.581959964508485,2.9337763635482315,47.7997933697099,0.1480400354915119,1.069793369709906
0-0-5-15-3,46.64,-133.0042009148267,46.9957990851733,47.13920076025019,47.06749992271175,0.14340167507685733,179.8565983249233,"[30,50)","[30,50)","[30,50)","[0,0.25)",2,0.0,23,0.0,46.81300668150058,2.0362142873181823,46.9647584560775,0.1730066815005813,0.32475845607749676
0-0-5-15-4,46.57,-132.81020914782448,47.189790852175506,47.37441195965731,47.28210140591641,0.18462110748177316,179.81537889251777,"[30,50)","[30,50)","[30,50)","[0,0.25)",7,8.905553108097847e-14,26,1.7810752872549074e-13,46.74589356780778,3.083395081753295,45.9695431309556,0.1758935678077762,0.6004568690444003
0-0-5-15-5,46.57,-132.50698232988728,47.493017670112714,47.7178472113626,47.60543244073766,0.224829541249872,179.77517045874987,"[30,50)","[30,50)","[30,50)","[0,0.25)",5,0.0,22,0.0,46.73147501521378,2.529318646721793,46.4234129493679,0.1614750152137816,0.14658705063209965
0-0-5-15-6,46.61,-132.09589634423205,47.90410365576795,48.167907828220386,48.03600574199417,0.26380417245241,179.73619582754762,"[30,50)","[30,50)","[30,50)","[0.25,0.5)",6,0.0,27,0.0,46.81113888776282,3.29057663568544,46.4917291169141,0.20113888776282352,0.1182708830858985
0-0-5-15-9,46.91,-130.2383328185532,49.76166718144679,50.132463689751916,49.94706543559935,0.37079650830509925,179.62920349169488,"[30,50)","[50,70]","[30,50)","[0.25,0.5)",8,0.3105043810691598,21,0.0025369663273210885,46.8485872215192,2.8978262170427755,47.3916575670665,0.061412778480793406,0.481657567066506
0-0-5-18-11,47.87,-119.75881611115236,60.241183888847644,60.669757994263556,60.4554709415556,0.42857410541588076,179.5714258945843,"[50,70]","[50,70]","[50,70]","[0.25,0.5)",10,0.0,31,0.0,47.86018766942095,2.1258376213958314,47.6108844093783,0.009812330579045181,0.25911559062169687
0-0-5-18-12,47.83,-119.86180095033421,60.138199049665786,60.589600184175204,60.3638996169205,0.45140113450938796,179.54859886549082,"[50,70]","[50,70]","[50,70]","[0.25,0.5)",2,0.0,31,0.0,47.90809079929582,1.681277596794842,47.9293287350745,0.07809079929582197,0.09932873507450068
0-0-5-18-13,47.79,-119.94975595614503,60.05024404385497,60.5210397579678,60.28564190091138,0.4707957141128031,179.52920428588737,"[50,70]","[50,70]","[50,70]","[0.25,0.5)",9,0.0,31,0.0,47.8667264940501,2.0555912714738707,48.8058619213039,0.07672649405009935,1.0158619213039017
0-0-5-18-14,47.78,-120.02201554266425,59.97798445733575,60.464596833801224,60.22129064556849,0.4866123764654469,179.51338762353473,"[50,70]","[50,70]","[50,70]","[0.25,0.5)",10,0.0,32,0.0,47.87731755825836,1.7462167291611124,47.8382682692205,0.09731755825836075,0.058268269220498325
0-0-5-18-15,47.81,-120.07803304355774,59.921966956442255,60.42069957029495,60.1713332633686,0.49873261385267,179.50126738614753,"[50,70]","[50,70]","[50,70]","[0.25,0.5)",8,0.03518505945299325,30,0.0018395115972018594,47.8627345935401,2.1448924703895127,47.9212784685044,0.052734593540094465,0.11127846850439482
0-0-5-18-16,47.89,-120.11738461602722,59.88261538397277,60.389681023858444,60.13614820391561,0.5070656398856355,179.49293436011453,"[50,70]","[50,70]","[50,70]","[0.5,3.1]",9,0.02014597970403173,31,0.002370700775946033,47.92557555860836,2.0511541673004072,48.039727420331,0.03557555860835748,0.14972742033099706
0-0-5-18-17,48.02,-120.1397722586794,59.86022774132061,60.371776707102555,60.11600222421158,0.5115489657819252,179.48845103421826,"[50,70]","[50,70]","[50,70]","[0.5,3.1]",4,0.00495376206272564,31,0.0005998296801579261,48.00807193821827,1.8881795059994224,47.8295777992566,0.011928061781731003,0.19042220074340577
0-0-5-18-18,48.18,-120.1450259355822,59.8549740644178,60.367122859879906,60.11104846214886,0.5121487954620831,179.48785120453752,"[50,70]","[50,70]","[50,70]","[0.5,3.1]",8,0.00495376206272564,30,0.0005998296801579261,47.87641484252181,2.6227342535514664,47.9568481878052,0.3035851574781887,0.22315181219479996
0-0-5-4-13,47.64,-169.86292841323282,10.137071586767178,10.695954226498893,10.416512906633036,0.5588826397317026,179.44111736026787,"[10,30)","[10,30)","[10,30)","[0.5,3.1]",6,1.987846675914698e-13,19,4.071187831300449e-13,47.86575376707945,4.690426187173677,47.7848453703992,0.22575376707944628,0.14484537039920298
0-0-5-4-14,47.56,-164.47772673494254,15.52227326505746,16.237713075462953,15.879993170260205,0.7154398104054721,179.28456018959432,"[10,30)","[10,30)","[10,30)","[0.5,3.1]",2,0.0,18,0.0,47.59845595784939,2.2981826043816427,47.5945997256796,0.03845595784938638,0.03459972567959824
0-0-5-4-15,47.51,-157.4756539890755,22.5243460109245,23.44125171536684,22.982798863145668,0.9169057044423241,179.08309429555788,"[10,30)","[10,30)","[10,30)","[0.5,3.1]",1,2.8624992133171654e-14,13,7.638334409421077e-14,47.547301753854725,3.10765222908442,47.5331023928405,0.03730175385472734,0.02310239284049942
0-0-5-4-16,47.47,-148.43193064636134,31.568069353638666,32.723938102288656,32.14600372796367,1.1558687486499546,178.84413125134978,"[30,50)","[30,50)","[30,50)","[0.5,3.1]",3,0.0,11,0.0,47.567986509178986,2.5210131659439687,47.3452966434,0.09798650917898755,0.12470335660000131
0-0-5-4-17,47.44,-137.10119784788975,42.89880215211025,44.2871299606509,43.592966056380575,1.3883278085406277,178.61167219145926,"[30,50)","[30,50)","[30,50)","[0.5,3.1]",5,5.724998426634331e-14,26,1.2723155862204294e-13,47.49036394873895,2.9079169954456794,47.2288097899422,0.05036394873895489,0.2111902100578007
0-0-5-4-18,47.41,-123.83114834207923,56.16885165792077,57.69199069225716,56.930421175088966,1.5231390343363542,178.47686096566383,"[50,70]","[50,70]","[50,70]","[0.5,3.1]",3,0.002509657852569248,35,0.13481122579572657,47.46555921661089,4.037997262050473,47.1636713941329,0.055559216610895135,0.24632860586709882
0-0-5-5-0,52.24,177.07504433686594,-2.9249556631340585,-2.909249503827795,-2.9171025834809274,0.01570615930624059,179.98429384069397,"[-10,10)","[-10,10)","[-10,10)","[0,0.25)",6,0.010443610465261672,4,2.5441454498675853e-14,51.75329910470182,4.876561572833451,51.0764912547877,0.48670089529818483,1.1635087452123045
0-0-5-5-1,52.21,177.0551596799393,-2.944840320060731,-2.9102520678316477,-2.9275461939461893,0.03458825222907723,179.96541174777062,"[-10,10)","[-10,10)","[-10,10)","[0,0.25)",3,0.010443610465261672,4,0.0014611928340796942,52.31545043191206,3.8920179042601424,52.3725842183684,0.10545043191206105,0.16258421836840142
0-0-5-5-2,51.96,177.20312420284628,-2.7968757971536937,-2.7429519352985747,-2.7699138662261342,0.05392386185514315,179.94607613814483,"[-10,10)","[-10,10)","[-10,10)","[0,0.25)",4,0.14718871725479346,4,0.00028301480077425056,51.38196535168455,5.998155603705329,51.1111457238489,0.5780346483154517,0.8488542761511013
0-0-5-8-10,48.17,-157.1171867033682,22.88281329663182,23.270283788920793,23.076548542776308,0.3874704922889479,179.61252950771117,"[10,30)","[10,30)","[10,30)","[0.25,0.5)",7,0.09374967963064068,11,0.014137017656527584,48.38588538748039,3.793514673806186,48.2984922783724,0.215885387480391,0.12849227837239852
0-0-5-8-3,50.72,-167.3693262242293,12.630673775770713,12.734007015117632,12.682340395444173,0.10333323934688436,179.89666676065264,"[10,30)","[10,30)","[10,30)","[0,0.25)",7,3.021526947390341e-14,20,5.088984789125561e-14,50.43839541896434,4.221140175156744,50.7715058023461,0.28160458103565844,0.05150580234609947
0-0-5-8-4,50.37,-166.73806346940864,13.261936530591363,13.396652074453494,13.32929430252243,0.13471554386211257,179.86528445613823,"[10,30)","[10,30)","[10,30)","[0,0.25)",9,2.8624992133171654e-14,19,7.632783294297951e-14,50.376796438339255,3.194158982784092,50.1939105207612,0.006796438339257804,0.17608947923879725
0-0-5-8-5,49.98,-165.8662226878608,14.133777312139188,14.301931856381387,14.217854584260287,0.16815454424218476,179.831845455758,"[10,30)","[10,30)","[10,30)","[0,0.25)",9,0.0,21,0.0,50.157368821699066,3.310931689815928,49.970051708169,0.1773688216990692,0.009948291830994549
0-0-5-8-6,49.56,-164.73640200712293,15.263597992877079,15.467863460918382,15.365730726897729,0.2042654680412741,179.7957345319584,"[10,30)","[10,30)","[10,30)","[0,0.25)",8,8.587497639951495e-14,19,1.7810752872549074e-13,49.62366214010641,3.184694794613653,49.7832266006746,0.06366214010640903,0.2232266006746002
0-0-5-8-8,48.78,-161.60860477200114,18.391395227998846,18.67840567378677,18.534900450892806,0.2870104457879093,179.71298955421224,"[10,30)","[10,30)","[10,30)","[0.25,0.5)",4,0.6068721397078821,20,0.00426906200856203,48.85495773089507,3.413743576746976,48.9696630082429,0.07495773089507196,0.18966300824289561
0-0-5-8-9,48.45,-159.55106850420262,20.44893149579738,20.78374481493057,20.616338155363977,0.3348133191331704,179.6651866808669,"[10,30)","[10,30)","[10,30)","[0.25,0.5)",9,1.4320617834904048,14,0.003749846164629367,48.486561232431626,2.9915321543557227,48.3587635982517,0.036561232431623125,0.09123640174830427
